filename,latitude,longitude,heading,status
streetview_0.png,40.62530320492806,-73.89368718250691,43.52209812922126,saved
streetview_1.png,40.890541369609416,-73.88702892503235,12.298629271100085,saved
streetview_2.png,40.7885211475274,-73.81776058591463,120.72017668035562,saved
streetview_3.png,40.878681339283794,-73.9034624221011,30.349985355258696,saved
streetview_4.png,40.84508367494215,-73.90850799666765,273.74962697088824,saved
streetview_5.png,40.827898142450245,-73.84313806102848,85.53882177983553,saved
streetview_6.png,40.81237912691908,-73.8987763890987,46.69609007666901,saved
streetview_7.png,40.77445724540931,-73.76597501005811,331.5896851454425,saved
streetview_8.png,40.73563344113559,-73.74288944354512,220.06792216786545,saved
streetview_9.png,40.736622400000016,-73.7415957,34.63256098594519,saved
streetview_10.png,40.76058200000001,-73.7538919,295.4956735944592,saved
streetview_11.png,40.75894235960769,-73.90122145671991,346.9407033524599,saved
streetview_12.png,40.88913019107902,-73.80136245813458,24.778381355583804,saved
streetview_13.png,40.6955487,-73.8755949,218.07786420969225,saved
streetview_14.png,40.768792258412056,-73.71285187113342,241.444531269722,saved
streetview_15.png,40.6800762,-74.0043587,154.11140630009822,saved
streetview_16.png,40.738776124599184,-73.81311370825988,274.9084786925636,saved
streetview_17.png,40.82261390000001,-73.8852196,74.26105079480647,saved
streetview_18.png,40.65750125349677,-73.85665109003129,225.24443297554728,saved
streetview_19.png,40.68915060000001,-73.8089406,336.5055411111513,saved
streetview_20.png,40.898702674721626,-73.90758546794964,200.2264950241737,saved
streetview_21.png,40.609505380146935,-74.03569216862115,66.37434269708484,saved
streetview_22.png,40.74377763503577,-73.89536149898183,213.86166653031148,saved
streetview_23.png,40.73081527502041,-73.83445804684179,158.52239895791058,saved
,40.85224814585779,-73.95532094320363,284.42955532671635,failed_404
streetview_25.png,40.5829102,-73.9745502,172.46642775630187,saved
streetview_26.png,40.74993331653316,-73.75405076650254,72.54393143060202,saved
streetview_27.png,40.76310089467279,-73.72745820459238,59.18031255913951,saved
streetview_28.png,40.87005541496191,-73.97836294409173,144.3761946921419,saved
streetview_29.png,40.631906051356296,-74.01647695529918,195.98001204391545,saved
streetview_30.png,40.822026467244605,-73.81822303136191,294.8400843212567,saved
streetview_31.png,40.855455246689104,-73.97034690521541,299.96988191519955,saved
streetview_32.png,40.6634612663373,-73.99831152432226,218.9798087348244,saved
streetview_33.png,40.73109159999999,-73.92567,24.4587337167373,saved
streetview_34.png,40.712674980150986,-73.97751603363692,21.359782139550703,saved
streetview_35.png,40.8152910646657,-73.96398508239979,27.315803673865616,saved
streetview_36.png,40.834585664075455,-73.86524138547347,111.51024087349036,saved
streetview_37.png,40.7138309930549,-73.97274041400235,291.90531354060414,saved
streetview_38.png,40.62275437970983,-74.0413219543174,357.8127213401968,saved
streetview_39.png,40.82885744325689,-73.84558173605097,285.11464541361846,saved
streetview_40.png,40.7065181965388,-73.72749907086497,178.083578608896,saved
streetview_41.png,40.58499661584772,-73.94431826811258,262.97744057006247,saved
streetview_42.png,40.73069814437229,-73.9146630431548,290.34935831455914,saved
streetview_43.png,40.84390515573369,-73.89616824767236,278.79856231098904,saved
streetview_44.png,40.87110110659341,-74.00084092616348,221.90905309193744,saved
streetview_45.png,40.80553505812657,-73.9709691243809,210.7113747932372,saved
streetview_46.png,40.74279193438798,-73.82956686281115,97.3908653178587,saved
streetview_47.png,40.66679101627004,-73.78307283955077,83.96388837072129,saved
streetview_48.png,40.87467140570267,-73.99304412705551,65.87693916043418,saved
,40.85266543372259,-73.9574651069955,284.4281474652072,failed_404
streetview_50.png,40.63281940000002,-73.8828895,219.788695917544,saved
streetview_51.png,40.79694137823778,-73.97574406479717,20.91470608484775,saved
streetview_52.png,40.788442027384335,-73.93770082042091,18.636458090228643,saved
streetview_53.png,40.80215380000001,-73.9167134,15.064987782152798,saved
streetview_54.png,40.766255646958975,-73.89350884768449,98.82857318905292,saved
streetview_55.png,40.75758838750012,-73.74775790351026,321.63669558413545,saved
streetview_56.png,40.83599268706731,-73.83869030392025,176.9836560682778,saved
streetview_57.png,40.771291163617256,-73.87005804269312,294.0453573924409,saved
streetview_58.png,40.8771722388037,-73.92307592152336,228.85031880630171,saved
streetview_59.png,40.64396060601659,-74.01851384752604,216.9815782087567,saved
streetview_60.png,40.741988783670514,-73.95834293844788,103.97198233957744,saved
streetview_61.png,40.66115061536792,-74.0004707259588,38.36550987402188,saved
streetview_62.png,40.84300592325585,-73.93079867324215,15.893783471722712,saved
streetview_63.png,40.848776953263446,-73.83642729816424,182.9655440390916,saved
,40.686904168701965,-74.00835463637627,149.57477792950044,failed_404
streetview_65.png,40.868948613411504,-73.97678705971863,328.3901758268815,saved
streetview_66.png,40.782168516826815,-73.98632433232203,28.86361768591803,saved
streetview_67.png,40.69609561062336,-73.9722685161842,272.8128519447358,saved
streetview_68.png,40.8445296,-74.0102376,272.3730102096391,saved
streetview_69.png,40.736870993985306,-73.90704803756472,248.98921462882277,saved
streetview_70.png,40.7275146380615,-74.02060241744617,282.85303166572425,saved
streetview_71.png,40.82992578188002,-73.849120873247,292.1724433310545,saved
streetview_72.png,40.82845094016082,-73.83873808908373,82.02768845345736,saved
streetview_73.png,40.86327691750494,-74.01123495722919,15.767101571689068,saved
streetview_74.png,40.70625659999999,-74.0027542,53.147163024004215,saved
streetview_75.png,40.805861500000006,-73.9326917,143.42350025522398,saved
streetview_76.png,40.73378300000002,-73.921428,315.71493210973034,saved
streetview_77.png,40.75993920013134,-73.89871970063155,191.77034325686887,saved
streetview_78.png,40.780637859182775,-73.94393916296552,348.85233445641165,saved
streetview_79.png,40.637188355872375,-74.01970151203552,309.992928043358,saved
streetview_80.png,40.87394395066833,-73.92741300338537,37.215417765241625,saved
streetview_81.png,40.74037143667216,-73.78828506810763,70.10817122259056,saved
streetview_82.png,40.73764159869103,-73.8511687766616,247.18861732147167,saved
streetview_83.png,40.66514901795845,-73.8257395094523,274.6987169986627,saved
streetview_84.png,40.87275990697376,-73.9809473888814,314.7102384749741,saved
streetview_85.png,40.65719741972104,-73.9828938549853,128.48746291549048,saved
streetview_86.png,40.79476269886852,-73.92232887444665,213.54193767003628,saved
streetview_87.png,40.81895162090671,-73.83598890983906,0.2120867780761841,saved
streetview_88.png,40.842411225816114,-73.88972804861434,126.16868349649974,saved
streetview_89.png,40.72841300000001,-73.7515552,50.38930511614228,saved
streetview_90.png,40.75770115552052,-73.85226693748783,343.8582260601912,saved
streetview_91.png,40.87098160000003,-73.8191166,20.183345460608905,saved
streetview_92.png,40.61808180447637,-74.02480791829419,212.16311465594617,saved
streetview_93.png,40.72280984776572,-73.82754521431157,334.0712925463096,saved
streetview_94.png,40.71749620721681,-73.79735509777963,69.06930423692671,saved
streetview_95.png,40.74389876116633,-73.73274595972303,125.342806708544,saved
streetview_96.png,40.73892830116557,-73.76915104208477,160.2027470619145,saved
streetview_97.png,40.78524197930382,-73.92996898645104,7.964299357098014,saved
streetview_98.png,40.78872451068464,-73.77921250880689,114.31926910884272,saved
streetview_99.png,40.9001475,-73.8967081,111.20041131814509,saved
streetview_100.png,40.8782800522979,-73.94967568646891,197.64879647175013,saved
streetview_101.png,40.85371377867364,-73.82637883012673,187.6990817069728,saved
streetview_102.png,40.74994820121171,-73.8505558446289,335.1689544243178,saved
streetview_103.png,40.67014276954664,-73.80101244714902,1.0258742471585265,saved
streetview_104.png,40.84590890000002,-73.9303694,109.95610778112462,saved
streetview_105.png,40.74489598550838,-73.83691517801128,32.04355242932775,saved
streetview_106.png,40.75430434898945,-73.7432692327095,49.67517406591037,saved
streetview_107.png,40.87104150234766,-73.97870204749228,321.25304427381343,saved
streetview_108.png,40.85670059988579,-73.83182148188148,39.76794603634522,saved
streetview_109.png,40.74850384403568,-73.75891679273785,57.7821308688192,saved
streetview_110.png,40.87301981059732,-73.83412601877893,354.5458143485015,saved
streetview_111.png,40.8268236703064,-73.8535798901031,259.5907681811915,saved
streetview_112.png,40.76267002106451,-73.8966965540397,28.80050158191989,saved
streetview_113.png,40.73314016881217,-73.7228739094847,185.69264075033888,saved
streetview_114.png,40.583578304654566,-73.97020765178586,79.6981269809537,saved
streetview_115.png,40.59885975559611,-74.00677923973701,310.124858944347,saved
streetview_116.png,40.812534027914985,-73.79433706337237,337.9686931983469,saved
streetview_117.png,40.84524054235903,-73.9150843950644,268.61656592164815,saved
streetview_118.png,40.8240249128574,-73.95646248577063,30.216668640498145,saved
streetview_119.png,40.72029588672248,-73.78110801524376,254.0385484111376,saved
streetview_120.png,40.64744591372568,-73.87268104596836,42.07973383222668,saved
streetview_121.png,40.71673036395629,-73.80059399903497,255.1562752205845,saved
streetview_122.png,40.81986346911141,-73.81246997053982,117.33152539122966,saved
streetview_123.png,40.844309029924304,-73.90070122410833,98.66386456324358,saved
streetview_124.png,40.71633731171977,-73.80270413619395,258.9336392404557,saved
streetview_125.png,40.63087025681047,-73.88557404998633,229.27451595769853,saved
streetview_126.png,40.69821780000001,-73.8694848,39.77194523029823,saved
streetview_127.png,40.73862892942045,-73.80948704010909,272.6447766645399,saved
streetview_128.png,40.725153993681694,-74.01001607195263,134.73495222723182,saved
streetview_129.png,40.64360332285931,-73.87587160933764,24.65731378614538,saved
streetview_130.png,40.8863077,-73.8043339,59.18731886764158,saved
streetview_131.png,40.72045862976075,-73.9746726522334,5.315207536004152,saved
streetview_132.png,40.72174754588663,-73.83524280332121,329.291157096302,saved
streetview_133.png,40.73897420228121,-73.94077383094982,119.22132458516728,saved
streetview_134.png,40.8562866,-73.8264847,175.1934276707915,saved
streetview_135.png,40.750457508524725,-73.75145844757746,77.47156683392797,saved
streetview_136.png,40.80765745923151,-73.83327058077204,334.2288991618734,saved
,40.69512357555645,-74.0132433822821,164.35524626485142,failed_404
streetview_138.png,40.753357900525,-73.89802585517793,334.47151061046065,saved
streetview_139.png,40.89548350630184,-73.88168900500362,216.09739047638155,saved
streetview_140.png,40.80445164834864,-73.91203463038329,54.06678049771506,saved
streetview_141.png,40.86900704044808,-73.90795060291155,19.222155460497333,saved
streetview_142.png,40.8485679,-73.9884627,217.2643108370641,saved
streetview_143.png,40.7090407,-73.9566853,26.292906942233515,saved
streetview_144.png,40.86767090545534,-73.90852697168623,17.505926392518802,saved
streetview_145.png,40.61420412868287,-74.02845715193381,224.50338964520077,saved
streetview_146.png,40.61046838056093,-74.03239494617075,65.84532876454313,saved
streetview_147.png,40.78581204062273,-74.04825166222183,336.79546957763966,saved
streetview_148.png,40.78657348292189,-74.04888989797365,154.30226698579577,saved
streetview_149.png,40.74545932431084,-73.76900529565805,241.43578411647923,saved
streetview_150.png,40.749009625141376,-73.77372729075047,340.20761766024515,saved
streetview_151.png,40.735641521477966,-73.92456886268893,294.7694847382543,saved
streetview_152.png,40.76419690160211,-73.86165494324658,148.80558191890623,saved
streetview_153.png,40.76299858027812,-73.95405563733675,214.1918434240173,saved
streetview_154.png,40.72483008145152,-73.77180217406567,73.1180349730817,saved
streetview_155.png,40.742399109465154,-73.78139159428379,250.17566248944573,saved
streetview_156.png,40.71403676248932,-73.97341554922282,291.90487024187934,saved
streetview_157.png,40.78556852965889,-73.77417704285838,326.62092120274866,saved
streetview_158.png,40.60669300120829,-73.89879888497114,187.51585945456785,saved
streetview_159.png,40.66670161564513,-73.8113761579061,269.7112955525384,saved
streetview_160.png,40.78852423697869,-73.78995453477745,242.1984965510813,saved
streetview_161.png,40.7123529,-73.82344030000002,141.59085249393956,saved
streetview_162.png,40.611986476423766,-74.03692531762934,318.07683167281243,saved
streetview_163.png,40.81233150790062,-73.93449551423623,4.765065842237391,saved
streetview_164.png,40.86797698213938,-73.83250290626398,158.83626548208588,saved
streetview_165.png,40.88618650000001,-73.8064172,267.4411009496226,saved
streetview_166.png,40.82915072246552,-73.8406368592038,262.08470802079137,saved
streetview_167.png,40.66410690000001,-73.9909714,129.31912610033112,saved
streetview_168.png,40.76633523174304,-73.89118506226072,264.4563588194037,saved
streetview_169.png,40.86633452660658,-74.02355010205693,280.9619658527163,saved
streetview_170.png,40.7602521980726,-73.85658490201773,292.60579215172817,saved
streetview_171.png,40.66899125222674,-73.99698225745074,154.83256976031782,saved
streetview_172.png,40.75190746317318,-73.89734129025099,353.924097225767,saved
streetview_173.png,40.823192231447344,-73.8810845148595,79.49275102606691,saved
streetview_174.png,40.73044567687089,-73.91420482026714,108.40073178054308,saved
streetview_175.png,40.77646770042842,-73.76721847074346,338.45924368753225,saved
streetview_176.png,40.701599584397535,-74.01157823312593,253.5517577161445,saved
streetview_177.png,40.84501468063214,-73.92031420082482,265.68533908039046,saved
streetview_178.png,40.67661456952627,-74.00186625928256,150.6106352307529,saved
streetview_179.png,40.77182804097165,-73.8725038020426,275.6337480905167,saved
streetview_180.png,40.690596764037736,-73.72663351089157,358.20666856664945,saved
streetview_181.png,40.60768177245009,-74.04164670253864,246.92048537331613,saved
streetview_182.png,40.76721893736141,-73.86435138399467,141.34724610308558,saved
streetview_183.png,40.77112581764743,-73.83398276881012,232.58125034245103,saved
streetview_184.png,40.75936883516574,-73.85372356116451,305.54979513313185,saved
streetview_185.png,40.82774321332159,-73.84737891150716,255.13097528050952,saved
streetview_186.png,40.7594578392443,-73.7352950932716,236.5062027562,saved
streetview_187.png,40.86494967297448,-74.01146103539408,264.63054129290146,saved
streetview_188.png,40.60700508661875,-74.04358643746636,246.93787884979577,saved
streetview_189.png,40.60210219958008,-74.01356182478033,109.52524513661626,saved
streetview_190.png,40.71488840498255,-73.97687878918623,111.88792776937146,saved
streetview_191.png,40.86226372863846,-73.93435755493721,24.39480767214536,saved
streetview_192.png,40.88580155214246,-73.81961430961485,250.8931342675805,saved
streetview_193.png,40.665984236129056,-73.83366782625018,110.56294442198345,saved
streetview_194.png,40.78239606674144,-73.92886805590678,150.01039108530165,saved
,40.69902407967453,-74.01449986740626,344.51009816057984,failed_404
streetview_196.png,40.7590865470408,-73.95839835220364,208.2702705343067,saved
streetview_197.png,40.84738422688407,-73.8365452482138,186.27054637605815,saved
streetview_198.png,40.71723742329593,-73.98379945738569,291.803835712607,saved
streetview_199.png,40.78424593901157,-74.04779744975026,166.20656665268598,saved
streetview_200.png,40.74704025412551,-73.97123153491486,207.8726478173507,saved
streetview_201.png,40.76669606445447,-73.89635241617603,101.6035447171414,saved
streetview_202.png,40.88786761876997,-73.88769561855625,172.33558191016743,saved
streetview_203.png,40.61148320341812,-74.03006075789368,45.87455066340806,saved
streetview_204.png,40.75342084128686,-73.77593610935804,165.22861560571232,saved
streetview_205.png,40.63927269999999,-73.8781537,20.944701179518347,saved
streetview_206.png,40.74775148916189,-73.96796400153212,302.91794173440223,saved
streetview_207.png,40.60862526651583,-74.03857277658308,246.95524865276803,saved
streetview_208.png,40.8803328161645,-73.81731594479204,194.62905078011525,saved
streetview_209.png,40.681854915611,-73.70542297264639,136.56259707761603,saved
streetview_210.png,40.861138689860894,-73.91378206638718,225.14925242858595,saved
streetview_211.png,40.77855495757245,-73.92594069314343,150.0123131891097,saved
streetview_212.png,40.89910546966711,-73.79630495976315,18.60478195094356,saved
streetview_213.png,40.66486805976044,-73.78924519427922,35.789822886629395,saved
streetview_214.png,40.76874509999999,-73.9071301,281.9743925715146,saved
streetview_215.png,40.801247153600855,-73.79371876181277,179.6951780887041,saved
streetview_216.png,40.60481387759376,-74.02400563257706,92.86853961203894,saved
streetview_217.png,40.858533104578,-73.82698584088509,166.35256685207958,saved
streetview_218.png,40.7626532096523,-74.00902899645246,119.05588868142172,saved
streetview_219.png,40.76029448012004,-73.85730424840808,116.77267316682156,saved
streetview_220.png,40.713580398218994,-73.9716973364453,291.7993554355087,saved
streetview_221.png,40.74423225823298,-73.77166363179511,160.2701029477247,saved
streetview_222.png,40.667120059796304,-73.73910086358924,35.62375070067634,saved
streetview_223.png,40.71140124491807,-73.8219969477179,314.7319773486249,saved
streetview_224.png,40.75975879999999,-73.9015455,87.313390537077,saved
streetview_225.png,40.66617151625517,-73.79224469591054,87.12764839857601,saved
streetview_226.png,40.7190695,-73.974961,185.47674298326675,saved
streetview_227.png,40.76828717488564,-73.76016800071152,158.82422242280256,saved
streetview_228.png,40.87148066988024,-73.97917367211878,319.9036874390439,saved
streetview_229.png,40.662601321437535,-73.9889870106397,147.42615605898015,saved
streetview_230.png,40.88768145567817,-73.94429085521176,11.441146953604118,saved
streetview_231.png,40.729987832355846,-74.03913010222001,95.89540273299087,saved
streetview_232.png,40.82293689493568,-73.83603270723967,359.2414010761484,saved
streetview_233.png,40.76658552452215,-73.89564163471142,101.6040114305756,saved
streetview_234.png,40.71597292567383,-73.80629155115912,266.2159275133485,saved
streetview_235.png,40.81936169643004,-73.89136019393804,220.13042141134,saved
streetview_236.png,40.76562579062372,-73.83923606065906,22.855824912301728,saved
streetview_237.png,40.8472939,-74.0189552,118.03609287021834,saved
streetview_238.png,40.83892579547941,-73.9330826447082,23.28154783229741,saved
streetview_239.png,40.69414070650937,-73.87687555480582,62.405777173277045,saved
streetview_240.png,40.73935492962247,-73.79198018914761,70.02923278674041,saved
streetview_241.png,40.609075149709554,-74.03732508022962,247.04327604995584,saved
streetview_242.png,40.78351525670201,-73.78556704243312,339.2346293255443,saved
streetview_243.png,40.69308693335037,-73.87780852095833,215.5413224676259,saved
streetview_244.png,40.73537697558074,-73.91799210337257,264.6917349366937,saved
streetview_245.png,40.84058770015751,-73.82545499853288,357.226664572361,saved
streetview_246.png,40.66669231909131,-73.73955704858403,39.83442007511246,saved
streetview_247.png,40.7571958,-73.7390592,229.0339178274324,saved
streetview_248.png,40.8720651268825,-73.95244795060076,210.03765436592928,saved
streetview_249.png,40.67707533689531,-74.00196042624707,154.11140630009822,saved
streetview_250.png,40.70329756472079,-73.85741613429417,239.79861768740628,saved
streetview_251.png,40.83501947725949,-73.86669724767381,111.46252495615624,saved
streetview_252.png,40.83517212970317,-73.82371789235563,327.29957611695374,saved
streetview_253.png,40.88946697161328,-73.80132380381772,204.71935220721556,saved
streetview_254.png,40.74343724921336,-73.83712938524202,259.6158429796544,saved
streetview_255.png,40.755702656186536,-73.74134835942023,229.4899735758397,saved
streetview_256.png,40.7623338293954,-74.00965042726163,119.03346560237532,saved
streetview_257.png,40.821188762407125,-73.81433203312864,290.2089290345912,saved
streetview_258.png,40.7067937,-73.9579901,318.5022977434328,saved
streetview_259.png,40.85704575480998,-73.97385357806017,120.65684590325668,saved
streetview_260.png,40.729641026985554,-73.97216369539798,153.93561116604496,saved
streetview_261.png,40.783235505736535,-73.78543979754045,340.99603301681145,saved
streetview_262.png,40.82458832527657,-73.95617901008188,211.17129342300444,saved
streetview_263.png,40.66622917348222,-73.79629009228229,271.027925323786,saved
streetview_264.png,40.86450252254642,-73.82538025914764,213.74424369289275,saved
streetview_265.png,40.62064560392638,-73.89747215251492,187.1276073313389,saved
streetview_266.png,40.83737929999999,-73.8254157,166.06065912658244,saved
streetview_267.png,40.78478828804789,-73.77372669087701,146.82761734875288,saved
streetview_268.png,40.65658672623859,-74.00523293196667,38.36238301207726,saved
streetview_269.png,40.70472228746157,-74.01529877077947,18.304432694093407,saved
streetview_270.png,40.75475319107097,-73.99750635005942,53.05036942986146,saved
streetview_271.png,40.85834160000001,-73.9786991,83.21913644626352,saved
streetview_272.png,40.7579595367765,-73.77710419915128,347.85758907035483,saved
streetview_273.png,40.8670417,-74.0050592,224.9996809692276,saved
streetview_274.png,40.73957442903564,-73.76925096826743,340.2623433697908,saved
streetview_275.png,40.62867586763503,-73.88863890217146,49.23705042558481,saved
streetview_276.png,40.75547500954475,-73.89954788272854,158.68026811346408,saved
streetview_277.png,40.8117345091978,-73.8999026284697,226.4358414736569,saved
streetview_278.png,40.8087885895496,-73.90380951603451,46.6927853264848,saved
streetview_279.png,40.82963385001252,-73.93488104984635,354.9799858999222,saved
streetview_280.png,40.78545660091456,-73.93011269236385,185.91464815432565,saved
streetview_281.png,40.88319227088478,-73.8681876443166,16.54868072913655,saved
streetview_282.png,40.66673926790299,-73.76431780849967,278.36286195813346,saved
streetview_283.png,40.890890003450856,-73.8650351741068,199.18202637148363,saved
streetview_284.png,40.76850192756133,-73.90660775881537,106.885779278832,saved
streetview_285.png,40.7115296771168,-73.96564138852666,114.21991063162592,saved
streetview_286.png,40.74162640829505,-73.73592430478749,235.68594340036012,saved
streetview_287.png,40.79969277388227,-73.82833525783512,153.82342852871886,saved
streetview_288.png,40.78409495915474,-73.77312812027492,146.82801037191166,saved
streetview_289.png,40.66010267511858,-73.98712292903888,145.59532881906023,saved
streetview_290.png,40.738743100000015,-73.848214,239.9842230459081,saved
streetview_291.png,40.824594505587584,-73.8714344167834,260.75116786286424,saved
streetview_292.png,40.664034849680114,-73.99759136036087,39.64069052117003,saved
streetview_293.png,40.726586038735725,-74.01605939252353,102.5280893931846,saved
streetview_294.png,40.769225561705575,-73.91030841130504,281.5630396519779,saved
streetview_295.png,40.8507983,-73.9430067,18.47087333656515,saved
streetview_296.png,40.83293864454983,-73.83810438086836,351.5132757399723,saved
streetview_297.png,40.85724729834972,-73.97366068429304,131.98518008035182,saved
streetview_298.png,40.88355721946223,-73.82640172214602,60.2867388987458,saved
streetview_299.png,40.76712158085821,-74.02215213385952,231.73693530307224,saved
streetview_300.png,40.67232251436051,-73.99879452976273,334.89459084929354,saved
streetview_301.png,40.720725286867605,-73.9433754500386,232.69767640348087,saved
streetview_302.png,40.78931998775981,-73.78166610814738,101.43176777743749,saved
streetview_303.png,40.6256701088514,-74.04143185568319,182.2908235077433,saved
streetview_304.png,40.74178081581256,-73.73562570819097,235.68613946121613,saved
streetview_305.png,40.772201300000006,-73.9940383,118.58720803301424,saved
streetview_306.png,40.72092419372727,-73.77946612544902,237.58658864118445,saved
streetview_307.png,40.74182646881233,-73.9572912650769,104.37647062389816,saved
streetview_308.png,40.675546668383575,-73.80237126987603,160.48527272478918,saved
streetview_309.png,40.86697607843381,-73.82306232435843,216.90077139344024,saved
,40.85059004428208,-73.94751287572183,104.53574851592111,failed_404
streetview_311.png,40.86456432364638,-73.95511659733461,21.744722898837665,saved
streetview_312.png,40.74530220000001,-73.7305581,33.6941275842907,saved
streetview_313.png,40.7351943326827,-73.91877632214965,83.24500615057582,saved
streetview_314.png,40.86514506375099,-74.01000533231262,257.25097637604074,saved
streetview_315.png,40.755294499999984,-73.9617558,212.9014424640297,saved
streetview_316.png,40.73256911207457,-73.9198398765444,313.3793736369625,saved
streetview_317.png,40.8844679,-73.9147751,39.28405923531261,saved
streetview_318.png,40.72598335882711,-74.00886115510593,277.1691704557336,saved
streetview_319.png,40.88580059042927,-73.94520441377718,199.88766860185348,saved
streetview_320.png,40.66548297743895,-73.99638820822638,206.04338321692256,saved
streetview_321.png,40.74231564185988,-73.82590784088374,107.8732216003907,saved
streetview_322.png,40.71916269665428,-73.78874936344023,80.75145382830317,saved
streetview_323.png,40.76934744222464,-73.88148470872265,233.95486094909623,saved
streetview_324.png,40.76347119999999,-73.953636,213.92678411173665,saved
streetview_325.png,40.8199994,-73.8904099,40.281208490254016,saved
streetview_326.png,40.5896911,-73.9927995,266.35320109433195,saved
streetview_327.png,40.73188041970258,-73.84277488715881,144.32652255414234,saved
streetview_328.png,40.764102938833965,-73.83952912206578,9.168037344380082,saved
streetview_329.png,40.891559999999984,-73.8869013,201.69009585854184,saved
streetview_330.png,40.76922448198813,-73.76058785660099,329.70785682862976,saved
streetview_331.png,40.84396500815116,-73.89771711186067,98.66582394390514,saved
streetview_332.png,40.76675685073239,-73.88852367630317,254.6733637023684,saved
,40.698756729428936,-74.01440213980828,344.51016232865,failed_404
streetview_334.png,40.86503092906403,-74.01072937063026,260.55883925548875,saved
streetview_335.png,40.842232450035176,-73.99481343016434,51.94115583806132,saved
streetview_336.png,40.66883828519531,-73.99668307292664,333.67540548715544,saved
streetview_337.png,40.75230168249421,-73.72597900017531,229.3991726700532,saved
streetview_338.png,40.80575322453202,-73.90940854052647,60.352073054453456,saved
streetview_339.png,40.874356771292334,-73.99522520467914,241.43537810741205,saved
streetview_340.png,40.8479585164008,-73.8270273174006,160.0459469858199,saved
streetview_341.png,40.61062269667045,-74.03253583924058,245.84508407600103,saved
streetview_342.png,40.86057619335116,-73.87200810498057,10.8946698898867,saved
streetview_343.png,40.7244820787314,-73.97303918035291,25.599280282742484,saved
streetview_344.png,40.86425834917059,-73.93388451349237,203.3453709780454,saved
streetview_345.png,40.88668825600576,-73.81285372653439,98.29009397179664,saved
streetview_346.png,40.789030780477184,-73.78024280082768,109.40908127187332,saved
streetview_347.png,40.80493157059154,-73.8315365253385,334.28921604796074,saved
streetview_348.png,40.67998805381973,-73.72900820648744,208.53538709093692,saved
streetview_349.png,40.81501980862206,-73.89559526030271,38.60823468422734,saved
streetview_350.png,40.74079911213082,-73.94500343912411,288.3590340311939,saved
streetview_351.png,40.74786030000001,-73.7287433,14.053765559166663,saved
streetview_352.png,40.745805038346624,-73.97024503558282,217.0305930674759,saved
streetview_353.png,40.74164900826907,-73.78362566922473,70.10395474642723,saved
streetview_354.png,40.766029178486974,-73.89204000061238,83.76151928780587,saved
streetview_355.png,40.70817040000001,-73.727572,178.08353072381533,saved
streetview_356.png,40.78720507000788,-73.9830534169762,15.071350713791048,saved
streetview_357.png,40.70279448513605,-73.86385216222254,89.8008964080405,saved
streetview_358.png,40.6423979684304,-74.01985125867562,38.428586557394624,saved
streetview_359.png,40.746667007255056,-73.9691642084039,36.28588388478312,saved
streetview_360.png,40.764367337872486,-73.78002850750379,158.09499828898595,saved
streetview_361.png,40.75369139387536,-73.77602581821866,165.90026077074913,saved
streetview_362.png,40.74707605169502,-73.89516741583384,335.98596202144967,saved
streetview_363.png,40.84658383899577,-74.01724094096909,123.76239126555708,saved
streetview_364.png,40.712641576296605,-73.9542775911235,28.7818145165229,saved
streetview_365.png,40.86220544695425,-73.97446120030169,11.229958239942846,saved
streetview_366.png,40.657716100000016,-73.9837538,128.48689826391995,saved
streetview_367.png,40.82665959999999,-73.8537954,78.6994032362004,saved
streetview_368.png,40.86253353483405,-73.9350176816959,207.79596674852203,saved
streetview_369.png,40.72527923678629,-73.97268881131806,205.42752572586824,saved
streetview_370.png,40.80885251255508,-73.83421755866631,154.05025369419695,saved
streetview_371.png,40.836844171770544,-73.8788281540861,107.32756042544604,saved
streetview_372.png,40.8603315,-73.9756916,193.96977119003083,saved
streetview_373.png,40.68249895177213,-73.89647109872772,200.12807201897672,saved
streetview_374.png,40.73653060143032,-73.83659049117418,176.7601971193476,saved
streetview_375.png,40.66496905052555,-73.81921438326745,263.5403557141374,saved
streetview_376.png,40.58402710000001,-73.9864505,107.76850245010496,saved
streetview_377.png,40.85371097086423,-73.94060633056716,27.66467078721644,saved
streetview_378.png,40.85001601250518,-73.9440047741771,286.3588945268372,saved
streetview_379.png,40.66579881692718,-73.74092036106755,57.691291996955385,saved
streetview_380.png,40.66586928105132,-73.74957863749802,269.7757329705644,saved
streetview_381.png,40.8669476352737,-74.04679428156203,94.49264473927644,saved
streetview_382.png,40.88453668801863,-73.86780142676349,196.99309062514828,saved
streetview_383.png,40.69614336204799,-73.9761847171704,92.91969555777392,saved
streetview_384.png,40.853559,-73.9616639,290.97046128539944,saved
streetview_385.png,40.890316100000014,-73.8869048,225.8328420435684,saved
streetview_386.png,40.66504541469396,-73.79654009809613,96.5265740756609,saved
streetview_387.png,40.848457,-74.0218127,299.0570247363535,saved
streetview_388.png,40.5828533,-73.9741527,269.7314207039633,saved
streetview_389.png,40.79874878685367,-73.82756213425586,334.050236696153,saved
streetview_390.png,40.83958098782852,-73.929345507541,23.83948765864108,saved
streetview_391.png,40.6729123,-73.7349553,30.7573628176832,saved
streetview_392.png,40.82614549884957,-73.82947433383478,112.67449309857516,saved
streetview_393.png,40.82511781523592,-73.81622725176786,344.9248001119638,saved
streetview_394.png,40.79316005975461,-73.79344902058033,355.9116492888245,saved
streetview_395.png,40.86560670000001,-73.9327037,24.207020641568818,saved
streetview_396.png,40.84121440403776,-73.93177225664726,23.706035160999704,saved
streetview_397.png,40.84559134297363,-74.01532845321364,125.20624442488172,saved
streetview_398.png,40.87680017593559,-73.92363900294691,229.6709726272604,saved
streetview_399.png,40.736449204528334,-73.85652013107483,248.82361612811135,saved
streetview_400.png,40.799030617591534,-73.79353193721327,359.64513582766284,saved
streetview_401.png,40.86818068066356,-74.00370195101327,41.26360617883438,saved
streetview_402.png,40.738572700000006,-73.7240794,333.3329190359855,saved
streetview_403.png,40.88908849252066,-73.88891488184966,64.46009288116943,saved
streetview_404.png,40.71075,-73.9814926,84.85831552189848,saved
streetview_405.png,40.84524265507926,-73.91281499237412,271.4681577073919,saved
streetview_406.png,40.715871819784056,-73.81041065138783,91.32067793053182,saved
streetview_407.png,40.85476025818446,-73.94007578474591,22.515764972605325,saved
streetview_408.png,40.72650885047014,-73.72409775572078,8.986405277125584,saved
streetview_409.png,40.71756205880096,-73.94829672948971,49.25037898791351,saved
streetview_410.png,40.76394881725216,-74.01348857727577,119.0545210633287,saved
streetview_411.png,40.769933313404174,-73.91601645998895,101.91225492925535,saved
streetview_412.png,40.68282625583912,-74.00193028852976,20.02853903043604,saved
streetview_413.png,40.782565017412274,-73.98619846856079,209.02092219719395,saved
streetview_414.png,40.8840265654316,-73.94586588735956,31.947445113445557,saved
streetview_415.png,40.84711130000002,-73.9333726,208.8610116750243,saved
streetview_416.png,40.66705729053301,-73.78297575729327,263.64869041274227,saved
streetview_417.png,40.8462615945474,-73.93133285318002,296.23721399432816,saved
streetview_418.png,40.59862644261428,-73.90598557461111,227.2326691136384,saved
streetview_419.png,40.67819035065681,-73.80367234558048,159.848286758114,saved
streetview_420.png,40.6629659151689,-73.81234988821038,71.78059599853191,saved
streetview_421.png,40.88851689720064,-73.88733288144559,1.440741968862767,saved
streetview_422.png,40.672059260779065,-73.99888293515316,154.83132178180654,saved
streetview_423.png,40.76316506550832,-73.89632035829464,38.36327103849385,saved
streetview_424.png,40.84509763145667,-73.9188606678478,265.6862934740869,saved
streetview_425.png,40.828807432466085,-73.83937327636026,88.14314409239785,saved
streetview_426.png,40.68577769576396,-73.71251554545894,119.5734152783566,saved
streetview_427.png,40.8440246,-74.0069306,269.19666732921985,saved
streetview_428.png,40.67890403010893,-73.80373654472336,340.0252860831321,saved
streetview_429.png,40.64871125733045,-74.01343041683083,38.33094952204493,saved
streetview_430.png,40.85176296031924,-73.92566526744874,207.0425419184576,saved
streetview_431.png,40.6753829,-74.0009422,154.82996967722,saved
streetview_432.png,40.72835642868464,-73.88447797177005,84.01739214656857,saved
streetview_433.png,40.88736279999999,-73.8943065,66.09407756706423,saved
streetview_434.png,40.76406250394983,-73.84059248374702,217.65216230364476,saved
streetview_435.png,40.75002252830591,-73.75367627199071,72.704723683726,saved
streetview_436.png,40.86483703426976,-74.01569178028518,104.45669359790396,saved
streetview_437.png,40.804276900000005,-73.9123568,54.375310019191375,saved
streetview_438.png,40.89908588124595,-73.8793777541323,193.11287033108425,saved
streetview_439.png,40.78464933581201,-73.82461923157135,187.11852518415375,saved
streetview_440.png,40.84857092553766,-73.9275706717279,27.65100504590538,saved
streetview_441.png,40.725423600000006,-73.8377544,160.6366080968479,saved
streetview_442.png,40.730826021444514,-74.04822950513737,92.44276758846632,saved
streetview_443.png,40.58258828277098,-73.97633696561701,85.78619576332375,saved
streetview_444.png,40.87380497786828,-73.98295812106882,130.64715014929618,saved
streetview_445.png,40.71935771435133,-73.97492587234002,185.277754600818,saved
streetview_446.png,40.84877125364618,-73.8272959090645,168.92346540089864,saved
streetview_447.png,40.6161441,-74.0264131,213.18455939601336,saved
streetview_448.png,40.7306918816797,-73.9261352478895,26.581629645647013,saved
streetview_449.png,40.70054750000001,-73.9954589,226.0657604037552,saved
streetview_450.png,40.71107020979522,-73.97938196368149,61.23853293117753,saved
streetview_451.png,40.76327614094096,-74.01188997732137,119.05557071911517,saved
streetview_452.png,40.79958980587628,-73.7935365123852,335.18808086000047,saved
streetview_453.png,40.79248493560277,-73.92419146892993,33.71345020019368,saved
streetview_454.png,40.77890596274609,-74.04595929300739,346.15741457141104,saved
streetview_455.png,40.73587202568569,-73.91361874383448,260.110141304226,saved
streetview_456.png,40.73809167082024,-73.79840065755025,91.82828603149596,saved
streetview_457.png,40.68193818269118,-73.72766116478688,205.47658324796035,saved
streetview_458.png,40.653838383691706,-73.78752209414507,143.80430811489043,saved
streetview_459.png,40.82993502880904,-73.83372731139619,240.8438076560037,saved
streetview_460.png,40.75645050000002,-73.8997752,338.96318073927006,saved
streetview_461.png,40.82614287177323,-73.85771191243674,79.8109600052909,saved
streetview_462.png,40.84707286740408,-73.92541648880498,26.788373015259083,saved
streetview_463.png,40.645680625063314,-74.01679591942215,218.3415963435964,saved
streetview_464.png,40.765166746353856,-73.83913479882682,25.18875250884525,saved
streetview_465.png,40.66106380880485,-74.00080973040185,218.25799862053992,saved
streetview_466.png,40.70797830030559,-73.84607640068609,266.4273934591603,saved
streetview_467.png,40.73072221300102,-73.92637044927054,206.7856125314076,saved
streetview_468.png,40.82450146576984,-73.87217301991383,259.99771798995295,saved
streetview_469.png,40.85919763705567,-73.93642119600698,49.963417885318165,saved
streetview_470.png,40.66282452158931,-73.84901968277491,236.19067939756945,saved
streetview_471.png,40.76071110557436,-73.75424932524552,296.5922072031206,saved
streetview_472.png,40.81923922128574,-73.8359875030944,359.6142964002245,saved
streetview_473.png,40.74638213215836,-73.76531775375788,70.18924604187481,saved
streetview_474.png,40.58451868573055,-73.9491935949742,88.97321517369812,saved
streetview_475.png,40.81048939805871,-73.90142547096858,46.6943506922085,saved
streetview_476.png,40.80745457292071,-73.96948465405913,209.60815539646595,saved
streetview_477.png,40.86690776177637,-74.02750483233613,279.20719041031845,saved
streetview_478.png,40.781236095126886,-74.04699495119768,188.21241731926173,saved
streetview_479.png,40.88421292852232,-73.82478396514247,64.7744695945471,saved
streetview_480.png,40.68478189335424,-73.89463247467347,37.499361535473554,saved
streetview_481.png,40.804939970268265,-73.9317919389703,145.1931135634337,saved
streetview_482.png,40.834860570278856,-73.87392804170075,1.966243152006939,saved
streetview_483.png,40.9014544913819,-73.93720899313514,192.29350693542048,saved
streetview_484.png,40.78393318774922,-73.7727612682466,326.7866479622596,saved
streetview_485.png,40.7595201,-73.9013846,342.4604237388551,saved
streetview_486.png,40.77695885225353,-73.78461729080398,178.1220415069381,saved
streetview_487.png,40.81949031679409,-73.96025688018146,213.7775496834448,saved
streetview_488.png,40.74780372293133,-73.96842232349303,122.4191820420437,saved
streetview_489.png,40.614279895183095,-74.02802361915317,217.78478997413785,saved
streetview_490.png,40.822390672282005,-73.8361610671036,179.42519055273726,saved
streetview_491.png,40.68075309338084,-73.8966154232561,4.451690110735001,saved
streetview_492.png,40.81706588933546,-73.83649097511291,182.418628310162,saved
streetview_493.png,40.88643900000002,-73.8090548,285.32835894056973,saved
streetview_494.png,40.712127715470295,-73.82320476136314,139.42170966486856,saved
streetview_495.png,40.87183678066928,-73.81893339927994,194.3460137587376,saved
streetview_496.png,40.88610282426837,-73.86700984431164,17.647871781086906,saved
streetview_497.png,40.64931359999999,-73.7856012,4.105731970578802,saved
streetview_498.png,40.7604567590168,-73.84603330804376,43.10293917361042,saved
streetview_499.png,40.73034339941835,-73.87641832316248,246.60036098448015,saved
streetview_500.png,40.73628212064929,-73.85649536193604,69.89408140546675,saved
streetview_501.png,40.82520220832721,-73.82603349524067,292.6528760199676,saved
streetview_502.png,40.73196328964148,-74.04663318612086,269.10958256301546,saved
streetview_503.png,40.734626300000016,-73.9225517,310.3290681755877,saved
streetview_504.png,40.899766777451006,-73.90665681608205,38.9779391662459,saved
streetview_505.png,40.662216150714215,-73.84993105745069,30.60497560593751,saved
streetview_506.png,40.74156190000001,-73.9539927,0.0,saved
streetview_507.png,40.6760414928611,-73.73263670168576,216.07454941905007,saved
streetview_508.png,40.84501947770902,-73.92615306484026,287.1833974882397,saved
streetview_509.png,40.61175968811889,-74.03075614662481,214.0682487336144,saved
streetview_510.png,40.89003321715945,-73.8154796022044,171.20318929526297,saved
streetview_511.png,40.73681070558984,-73.93051003403184,104.39518378679566,saved
streetview_512.png,40.74361545840747,-73.77422016596097,259.28730924940373,saved
streetview_513.png,40.83399528227331,-73.9353786849404,181.3042755063704,saved
,40.8517067,-73.9524542,284.5659280466528,failed_404
streetview_515.png,40.84673701100382,-74.01757541297953,121.1900015333901,saved
streetview_516.png,40.8677103137837,-73.83236638599979,158.67476915058683,saved
streetview_517.png,40.80000550561666,-73.91810185894467,29.07907438171321,saved
streetview_518.png,40.61426746226059,-73.89704542454133,359.25877612486937,saved
streetview_519.png,40.72004166544786,-73.7836626504602,266.51792121396176,saved
streetview_520.png,40.87115240428686,-73.97904166642829,320.8830046797979,saved
streetview_521.png,40.77139056038296,-73.94643449175655,43.284454004758345,saved
streetview_522.png,40.62091828541924,-73.89742294346267,187.79974485154415,saved
streetview_523.png,40.86702648164828,-74.02859159391154,276.5176299491612,saved
streetview_524.png,40.86796603595895,-73.97658010333316,151.8582697100518,saved
streetview_525.png,40.8250069076974,-73.93121027897247,176.45004084129926,saved
streetview_526.png,40.87468872049631,-73.83489014057659,177.11030393888768,saved
streetview_527.png,40.83679771475981,-73.8385553422443,358.5138468670768,saved
streetview_528.png,40.71109425611151,-73.83700820492916,226.0318069974308,saved
streetview_529.png,40.80592280598017,-73.83216707451736,334.2888020282865,saved
streetview_530.png,40.78802234854641,-74.04982886088064,324.0997924477756,saved
streetview_531.png,40.86684784027974,-74.04090741131408,88.4162989916756,saved
streetview_532.png,40.7505813282835,-73.75072290470354,77.12062940900694,saved
streetview_533.png,40.66655519480046,-73.8067539186122,272.5504760891614,saved
streetview_534.png,40.82869303385245,-73.84161061884745,83.44186526115533,saved
streetview_535.png,40.6658306,-73.7471215,272.04602904334206,saved
streetview_536.png,40.69180995088109,-73.88378440080096,70.8290049359606,saved
streetview_537.png,40.86424108479103,-74.0122675458815,94.54389544879324,saved
streetview_538.png,40.74196373238374,-73.95799808628261,104.37600651999668,saved
streetview_539.png,40.730190667061386,-73.9131535123985,107.31019494828904,saved
streetview_540.png,40.72817919955664,-74.02564788394253,102.06737976921016,saved
streetview_541.png,40.77365291590311,-73.82984915922813,38.54097684629687,saved
streetview_542.png,40.88654096544236,-73.81175708793371,102.60242609458372,saved
streetview_543.png,40.8364477,-73.8761961,94.22073355994348,saved
streetview_544.png,40.72423006408719,-73.93703648652385,250.8642599839199,saved
streetview_545.png,40.734147986659,-73.922120508221,135.57481359366977,saved
streetview_546.png,40.7585159432012,-73.8994941454765,20.97128523628857,saved
streetview_547.png,40.78250274463139,-73.77168370639805,142.07767301653826,saved
streetview_548.png,40.66088489540527,-73.85232375841419,226.9982661012353,saved
streetview_549.png,40.87231048117207,-73.92946601514204,203.17428772711605,saved
streetview_550.png,40.84579514826647,-73.94482694528548,7.131637858018564,saved
streetview_551.png,40.80935553124895,-73.90301484788412,46.69330710863244,saved
streetview_552.png,40.70625817839208,-73.85165957003292,30.288943154930053,saved
streetview_553.png,40.759485823577954,-73.71026920919266,97.6395468878647,saved
streetview_554.png,40.70199434440865,-73.96090850941701,202.88779749391023,saved
streetview_555.png,40.82725034857376,-73.81713421335482,334.76035499939127,saved
streetview_556.png,40.78728342154868,-73.79244163590351,58.13080531179634,saved
streetview_557.png,40.663661000000005,-73.9902537,131.96636945224952,saved
streetview_558.png,40.65573140034584,-73.80737868116897,358.2754661201004,saved
streetview_559.png,40.85928145893567,-73.87258192188479,185.4882859019316,saved
streetview_560.png,40.85288618803363,-73.9202503083597,35.443612286151335,saved
streetview_561.png,40.83950565040984,-73.8255305797383,358.7600662294482,saved
streetview_562.png,40.71719956625446,-73.94885178420718,49.250014541973314,saved
streetview_563.png,40.8233051127829,-73.88110850081758,258.90286064271686,saved
streetview_564.png,40.86774758064284,-73.93141846345247,24.850073768577037,saved
streetview_565.png,40.70995135342636,-73.82074484486064,146.08551723348705,saved
streetview_566.png,40.66544793644128,-73.81669003072271,66.05666182395129,saved
streetview_567.png,40.87044334388133,-73.93043526146104,201.81719841986808,saved
streetview_568.png,40.75755663401476,-73.95946360649609,31.098741475827296,saved
streetview_569.png,40.829905681422254,-73.95134999729086,24.424139017510758,saved
streetview_570.png,40.82974197241394,-73.83889093425599,256.635803895511,saved
streetview_571.png,40.81648808761784,-73.83651950377696,181.43864542805665,saved
streetview_572.png,40.68744590926869,-73.89224312066264,212.2157823962295,saved
streetview_573.png,40.7677935,-73.714695,223.56881782347745,saved
streetview_574.png,40.79660517640743,-73.92940742357911,190.36861751240423,saved
streetview_575.png,40.611995018041966,-74.03061405317666,212.2216052040212,saved
streetview_576.png,40.85423670000001,-73.9403011,17.96884125796032,saved
streetview_577.png,40.73508230859701,-73.86105148340785,248.5183293236404,saved
streetview_578.png,40.69951275297628,-73.99648121770335,206.51055131449036,saved
streetview_579.png,40.73945734262952,-73.7916082320062,70.02947702182496,saved
streetview_580.png,40.84086010000002,-73.83844960000002,189.24386456889567,saved
streetview_581.png,40.58366426985472,-73.98484109540024,105.99365808782728,saved
streetview_582.png,40.70183400490615,-74.01023344446357,72.8583714122164,saved
streetview_583.png,40.66556551704693,-73.74238420820733,270.5593016316385,saved
streetview_584.png,40.67148340051444,-73.73598955253156,27.31076398210996,saved
streetview_585.png,40.76068325411739,-73.95642274732572,47.57374252958061,saved
streetview_586.png,40.72089699036072,-73.94307702182732,232.79606878450804,saved
streetview_587.png,40.739357270691386,-73.73956693521636,217.37836989788124,saved
streetview_588.png,40.66647427293353,-73.78748315597565,83.368434559256,saved
streetview_589.png,40.605763847384985,-74.04705644447961,66.96511331492684,saved
streetview_590.png,40.85507066507764,-73.97080464578713,127.12336705085238,saved
streetview_591.png,40.75153242189757,-73.74760100761054,54.98141530950784,saved
,40.69207684648426,-74.01194156658094,342.8825878800386,failed_404
streetview_593.png,40.83445460344143,-73.82592527228923,224.07073493428956,saved
streetview_594.png,40.73611196180872,-73.91180239128536,260.1113339448981,saved
streetview_595.png,40.890755700000014,-73.8005433,204.18996878013596,saved
streetview_596.png,40.88370620124738,-73.91537438161673,195.2671274121685,saved
streetview_597.png,40.65741795054675,-73.79294899434504,164.08449896581635,saved
streetview_598.png,40.64220191915406,-74.02036948695725,219.6216842168127,saved
streetview_599.png,40.7280133991048,-73.75223352527662,54.41401427649879,saved
