latitude,longitude,heading,shoulder_prob,gore_area_prob,viable_prob,filename,status
40.62530320492806,-73.89368718250691,43.52209812922126,0.9975117444992065,0.00023567563039250672,0.9987830519676208,streetview_0.png,predicted
40.890541369609416,-73.88702892503235,12.298629271100085,0.9969474673271179,0.00033560904557816684,0.9968550205230713,streetview_1.png,predicted
40.7885211475274,-73.81776058591463,120.72017668035562,0.9955489635467529,0.00016472033166792244,0.9584490656852722,streetview_2.png,predicted
40.878681339283794,-73.9034624221011,30.349985355258696,0.007783445063978434,0.0012626613024622202,0.015095354989171028,streetview_3.png,predicted
40.84508367494215,-73.90850799666765,273.74962697088824,0.666914165019989,0.0005171031225472689,0.7934421896934509,streetview_4.png,predicted
40.827898142450245,-73.84313806102848,85.53882177983553,0.9414660930633545,0.0005189265939407051,0.9860237836837769,streetview_5.png,predicted
40.81237912691908,-73.8987763890987,46.69609007666901,0.005616834387183189,0.00018869775522034615,0.0013813114492222667,streetview_6.png,predicted
40.77445724540931,-73.76597501005811,331.5896851454425,0.01827704720199108,0.00025935625308193266,0.015491591766476631,streetview_7.png,predicted
40.73563344113559,-73.74288944354512,220.06792216786545,0.8969130516052246,0.006376348901540041,0.9142873883247375,streetview_8.png,predicted
40.736622400000016,-73.7415957,34.63256098594519,0.5492829084396362,0.00031062710331752896,0.23152059316635132,streetview_9.png,predicted
40.76058200000001,-73.7538919,295.4956735944592,0.7086184620857239,0.0005063935532234609,0.35069864988327026,streetview_10.png,predicted
40.75894235960769,-73.90122145671991,346.9407033524599,0.9949995279312134,0.0003544650971889496,0.9861354827880859,streetview_11.png,predicted
40.88913019107902,-73.80136245813458,24.778381355583804,0.998893678188324,0.00011248877854086459,0.9890907406806946,streetview_12.png,predicted
40.6955487,-73.8755949,218.07786420969225,0.0017249409575015306,0.000630728667601943,0.0008125137537717819,streetview_13.png,predicted
40.768792258412056,-73.71285187113342,241.444531269722,0.9994404911994934,0.00015710890875197947,0.9976602792739868,streetview_14.png,predicted
40.6800762,-74.0043587,154.11140630009822,0.04300309345126152,0.029891885817050934,0.22031596302986145,streetview_15.png,predicted
40.738776124599184,-73.81311370825988,274.9084786925636,0.9993570446968079,0.0004308413772378117,0.9997572302818298,streetview_16.png,predicted
40.82261390000001,-73.8852196,74.26105079480647,0.15482674539089203,0.004565502516925335,0.10266923904418945,streetview_17.png,predicted
40.65750125349677,-73.85665109003129,225.24443297554728,0.10066922754049301,0.007207856513559818,0.16503271460533142,streetview_18.png,predicted
40.68915060000001,-73.8089406,336.5055411111513,0.1578109711408615,0.002908526686951518,0.1759950816631317,streetview_19.png,predicted
40.898702674721626,-73.90758546794964,200.2264950241737,0.06380745023488998,0.0050880517810583115,0.13858585059642792,streetview_20.png,predicted
40.609505380146935,-74.03569216862115,66.37434269708484,0.6364515423774719,0.0014001281233504415,0.8187904953956604,streetview_21.png,predicted
40.74377763503577,-73.89536149898183,213.86166653031148,0.05261450633406639,0.0002912584168370813,0.016926731914281845,streetview_22.png,predicted
40.73081527502041,-73.83445804684179,158.52239895791058,0.029439788311719894,0.002498648827895522,0.01862427219748497,streetview_23.png,predicted
40.85224814585779,-73.95532094320363,284.42955532671635,,,,,failed_404
40.5829102,-73.9745502,172.46642775630187,0.024378955364227295,0.0034533445723354816,0.1057354137301445,streetview_25.png,predicted
40.74993331653316,-73.75405076650254,72.54393143060202,0.010853310115635395,0.9399848580360413,0.9840356707572937,streetview_26.png,predicted
40.76310089467279,-73.72745820459238,59.18031255913951,0.003822645405307412,0.0010307417251169682,0.005325389094650745,streetview_27.png,predicted
40.87005541496191,-73.97836294409173,144.3761946921419,0.9936244487762451,0.0007255621603690088,0.9807063341140747,streetview_28.png,predicted
40.631906051356296,-74.01647695529918,195.98001204391545,0.9996767044067383,0.0001165047797258012,0.9985106587409973,streetview_29.png,predicted
40.822026467244605,-73.81822303136191,294.8400843212567,0.9921890497207642,0.011939730495214462,0.9824466705322266,streetview_30.png,predicted
40.855455246689104,-73.97034690521541,299.96988191519955,0.21427029371261597,0.002385870786383748,0.47915321588516235,streetview_31.png,predicted
40.6634612663373,-73.99831152432226,218.9798087348244,0.002023330656811595,0.0004638282407540828,0.0010947593254968524,streetview_32.png,predicted
40.73109159999999,-73.92567,24.4587337167373,0.9994845390319824,0.00026588249602355063,0.9993119239807129,streetview_33.png,predicted
40.712674980150986,-73.97751603363692,21.359782139550703,0.005479986779391766,0.001390609540976584,0.005798852536827326,streetview_34.png,predicted
40.8152910646657,-73.96398508239979,27.315803673865616,0.07151534408330917,0.00010291029320796952,0.00879052747040987,streetview_35.png,predicted
40.834585664075455,-73.86524138547347,111.51024087349036,0.9091652035713196,0.000282490742392838,0.9729395508766174,streetview_36.png,predicted
40.7138309930549,-73.97274041400235,291.90531354060414,0.001636013388633728,0.006802310701459646,0.005950702354311943,streetview_37.png,predicted
40.62275437970983,-74.0413219543174,357.8127213401968,0.028738193213939667,0.00118369294796139,0.00468678493052721,streetview_38.png,predicted
40.82885744325689,-73.84558173605097,285.11464541361846,0.9862436652183533,0.0020369687117636204,0.9917697906494141,streetview_39.png,predicted
40.7065181965388,-73.72749907086497,178.083578608896,0.8514121770858765,7.988229481270537e-05,0.0011110795894637704,streetview_40.png,predicted
40.58499661584772,-73.94431826811258,262.97744057006247,0.0024677258916199207,0.0016544807003811002,0.005449737422168255,streetview_41.png,predicted
40.73069814437229,-73.9146630431548,290.34935831455914,0.2098155915737152,0.001336218905635178,0.1865854412317276,streetview_42.png,predicted
40.84390515573369,-73.89616824767236,278.79856231098904,0.9911556243896484,0.0004101332160644233,0.99777752161026,streetview_43.png,predicted
40.87110110659341,-74.00084092616348,221.90905309193744,0.38687872886657715,0.004197397734969854,0.4516637921333313,streetview_44.png,predicted
40.80553505812657,-73.9709691243809,210.7113747932372,0.007880150340497494,0.0001594385685166344,0.0032490892335772514,streetview_45.png,predicted
40.74279193438798,-73.82956686281115,97.3908653178587,0.13391833007335663,0.013750020414590836,0.6452568173408508,streetview_46.png,predicted
40.66679101627004,-73.78307283955077,83.96388837072129,0.8366183042526245,0.002624258864670992,0.7582944631576538,streetview_47.png,predicted
40.87467140570267,-73.99304412705551,65.87693916043418,0.19534558057785034,0.008308290503919125,0.4884777069091797,streetview_48.png,predicted
40.85266543372259,-73.9574651069955,284.4281474652072,,,,,failed_404
