image,shoulder,gore_area
photo1,0,0
photo2,1,0
photo3,1,1
photo4,1,1
photo5,1,0
photo6,0,0
photo7,0,0
photo8,1,0
photo9,0,1
photo10,1,0
photo11,0,1
photo12,1,0
photo13,1,0
photo14,0,0
photo15,0,0
photo16,1,1
photo17,0,0
photo18,1,0
photo19,1,0
photo20,1,1
photo21,1,0
photo22,1,1
photo23,1,0
photo24,0,0
photo25,0,1
photo26,1,1
photo27,0,0
photo28,0,1
photo29,1,0
photo30,0,0
photo31,1,0
photo32,0,0
photo33,0,0
photo34,1,1
photo35,1,0
photo36,1,1
photo37,0,1
photo38,1,0
photo39,0,0
photo40,0,0
photo41,0,0
photo42,0,1
photo43,1,0
photo44,1,0
photo45,1,0
photo46,1,0
photo47,0,0
photo48,1,0
photo49,0,1
photo50,0,1
photo51,0,0
photo52,0,0
photo53,1,0
photo54,1,0
photo55,1,0
photo56,1,1
photo57,1,1
photo58,1,0
photo59,0,1
photo60,0,1
photo61,0,1
photo62,1,1
photo63,1,1
photo64,0,1
photo65,0,1
photo66,1,1
photo67,0,1
photo68,1,1
photo69,0,1
photo70,1,1
photo71,1,1
photo72,0,1
photo73,1,0
photo74,1,1
photo75,1,0
photo76,1,0
photo77,0,0
photo78,1,1
photo79,0,0
photo80,0,0
photo81,0,1
photo82,0,1
photo83,0,1
photo84,0,0
photo85,0,0
photo86,1,1
photo87,0,1
photo88,0,1
photo89,1,1
photo90,1,1
photo91,1,1
photo92,0,1
photo93,0,1
photo94,0,1
photo95,1,1
photo96,1,1
photo97,1,0
photo98,0,1
photo99,0,0
photo100,1,0
