latitude,longitude
40.81086734874652,-73.90089566662917
40.78839512062447,-73.92803177191422
40.82896510000001,-73.8421252
40.8043340894442,-73.97189407207098
40.75576007849432,-73.85217743349509
40.701512300000005,-74.01196820000001
40.887967514605904,-73.8023758133576
40.63122507371124,-74.04017600694897
40.84072080970563,-73.94601903693163
40.60921265863041,-74.03637061578694
40.735254249354526,-73.91803719208798
40.86809342220662,-73.95405392134309
40.76152486376287,-73.85903670092728
40.6967749058684,-73.9629152401973
40.727064074974,-74.01887943214484
40.82642513123751,-73.93116449633642
40.8341680944047,-73.82309808260936
40.7295378960546,-73.76249154808735
40.6841392269353,-73.70831535292604
40.59716172239778,-74.00391720210851
40.81863412361547,-73.80787146904878
40.6061130870309,-74.04582394910764
40.89986978548133,-73.89111610659744
40.863776708229054,-73.9740299628811
40.82116882347887,-73.93089382165634
40.72863775756672,-73.92754488165234
40.776577329215314,-73.99086597419839
40.73142106463254,-73.91769116392656
40.84407239491184,-73.93039725793844
40.85051698078951,-73.94648441925898
40.74684624017619,-73.83543503800637
40.64671658746876,-73.8014337271762
40.819248704422414,-73.93076009805021
40.66506754668026,-73.8242905545116
40.60564990534761,-74.03127465318535
40.76598920848012,-73.90358478616245
40.86790133220676,-74.00463108376127
40.72911935569279,-73.97187744423475
40.68719606881912,-73.71727747201818
40.821825585998745,-73.81753569674068
40.63998214787965,-74.02513148582744
40.90529448658466,-73.93526252668434
40.8275343,-73.8484773
40.7397165,-73.97293080000001
40.66732819128824,-73.76963697138464
40.665799,-73.8019455
40.73096792199016,-73.87435237978099
40.77126989476737,-73.8706037485264
40.73396764140861,-73.97446839809656
40.76180888772512,-73.84390484831772
40.88356280961919,-73.94626450703359
40.75017049125672,-73.8351605402705
40.889892920699765,-73.81532990510593
40.71389969373722,-73.97704209049671
40.767072786442746,-74.02127355922518
40.86664473888763,-74.0070332712969
40.60492185086154,-74.02971357068698
40.66648392539727,-73.79525948543687
40.7668033454131,-74.02103357957876
40.66097634864656,-73.85195218554203
40.85044924226832,-73.83630493991504
40.72496947596303,-73.72457956348065
40.86774365501401,-74.05130636293556
40.74054584883048,-73.8372061067718
40.58439796250047,-73.91712454147368
40.76270223345905,-74.00858162426702
40.7875058,-73.9285758
40.75779271716487,-73.95927560391439
40.729455040612415,-73.87873267523533
40.66509004615891,-73.82667090489703
40.72833277507299,-74.0256068191234
40.72595442725228,-73.7608259802752
40.649453545385086,-73.975485902197
40.75897557396176,-73.73620310562643
40.8738311,-73.9058807
40.76598806062228,-73.89276395969308
40.72620450858626,-74.01248534618718
40.76042729999999,-73.8576518
40.72418899222701,-74.0087309201007
40.65406631842009,-74.00797347295715
40.837299613945206,-73.87351713266695
40.63105453260728,-73.88529200817372
40.76575847650101,-73.90359752951608
40.72048418974752,-73.78008653912705
40.60181296491719,-74.01215675926238
40.70999336662467,-73.99004785739913
40.81518616940947,-73.89564325209702
40.66121753881179,-74.0005253075742
40.7864790662972,-73.77503037436081
40.7695702131608,-73.91373111354012
40.894578474558514,-73.8823514075528
40.80254274634847,-73.93017869165686
40.82379982334529,-73.87645717236583
40.74608362550247,-73.73013897517181
40.743873226037785,-73.83746459393772
40.71637739655461,-73.82538506673843
40.72244344498923,-73.8357702672444
40.8951127,-73.8168527
40.84502656911112,-73.90969529189957
40.89017135136147,-73.81540420329861
40.89503102242418,-73.88191761822844
40.62310204692571,-74.02041392192777
40.7894118813213,-73.78559298580538
40.82917930000001,-73.8356796
40.73840400000001,-73.9029572
40.83324208613446,-73.86026216378711
40.78472593444996,-73.94146586859048
40.70727359999999,-73.9577028
40.69740860000002,-73.8719126
40.90071772142851,-73.87888275815855
40.8754919,-73.8184567
40.74272010601249,-73.73005788168172
40.85889020329052,-73.93759203227499
40.7914396567085,-73.98092090242541
40.85709491277521,-73.91747702438953
40.87368406994446,-73.95142506572782
40.85822666871756,-73.96081344770745
40.84639132236244,-73.93168080165682
40.8266281609285,-73.85501764607324
40.71041564341047,-73.95614604205112
40.636585065629625,-74.01892073429376
40.760344545282805,-74.00354327881202
40.71386314829127,-73.82430942999444
40.8868394777704,-73.81169217297489
40.89922227407012,-73.8852494284435
40.72193300604209,-73.9412012487229
40.887592892580905,-73.88764671517701
40.86721455005722,-74.02924753232593
40.89651649999998,-73.7976314
40.86494909736015,-73.87202395238093
40.873632176064696,-73.95121657952456
40.73377088547692,-73.74518180529074
40.807654689563016,-73.90539881172167
40.59056003882563,-73.90794382847908
40.58513639484013,-73.92915643168719
40.645662515770944,-73.78487638488356
40.65353894654447,-74.00840896785198
40.73421730000001,-73.8441701
40.73200564583511,-73.74736874786136
40.80406164478882,-73.97189995579137
40.80761813147144,-73.79360606325805
40.70201190000001,-74.00958920000001
40.8446867,-73.8717044
40.86586679999999,-73.8719651
40.74135771609628,-73.78468792227079
40.696122722129786,-73.97299637240583
40.77861803915866,-73.826982327482
40.78643987390854,-73.80631051609804
40.74243304638357,-73.95971187155331
40.72828750453749,-73.97164471045005
40.78623351802977,-73.80376570927115
40.77946335591455,-73.78481290742046
40.61975573368375,-74.02313040138264
40.86693432943422,-74.03647657833336
40.86738888927907,-74.04794181391094
40.85699245758563,-73.97347724969853
40.59143927534815,-73.99397137867307
40.82987851482177,-73.83746148936089
40.74630139027838,-73.89493127197017
40.5838857,-73.9672561
40.74033360235703,-73.94368303376807
40.718776031812816,-73.79333862085075
40.79769294201814,-73.91981904660933
40.88844548843835,-73.80197400261444
40.87430790080905,-73.90544732347495
40.87163427175096,-73.87208328755185
40.796284444629634,-73.8259491746148
40.74316823586352,-73.96122665445483
40.83721423879185,-73.82469305926847
40.711983532135214,-73.96666199106379
40.865530762017215,-74.0161985114251
40.76550616552496,-73.89439228625997
40.6669238058093,-73.78448384094112
40.7866064,-73.8091362
40.859429106388085,-73.97597265171576
40.70956439864452,-73.99291094500107
40.7405873395708,-73.94433047605698
40.88006615141193,-73.81740800547905
40.74249280759904,-73.97227890409646
40.81074541235156,-73.93497300888582
40.63187730460724,-74.04000256340291
40.698027058189226,-73.86976319425473
40.639935703308346,-74.0245130035021
40.84217792541719,-73.88902145402048
40.73201669999999,-73.8708619
40.813741615426274,-73.96485899912682
40.73021856021376,-73.92670608467077
40.72686735509248,-73.9718459102966
40.85868985399209,-73.97478580257965
40.82898229999999,-73.8371547
40.65659756835268,-73.79229227228453
40.640412943453896,-73.87757877399365
40.79397034462387,-73.79364722495443
40.77019774384524,-73.86831189990893
40.8434230216537,-73.89297789623015
40.75090359866233,-73.74986885080874
40.85191739845022,-73.95352622084128
40.7840879,-74.0475729
40.79118928788902,-73.98109338825137
40.6878255,-73.7235819
40.88625640770095,-73.81788051034845
40.72569546983321,-74.05340422877974
40.7676423611488,-73.83788279675923
40.72358989999999,-73.7756777
40.856596391700336,-73.92277961174042
40.70348915581731,-73.72736537683956
40.86860177925694,-74.05505687960485
40.75548894319439,-73.77636244280836
40.7198558668324,-73.94462479420586
40.83865729242538,-73.8255056601112
40.78937590000001,-73.78596330000002
40.88899450099073,-73.86575381239201
40.89229154448322,-73.81609189553147
40.66421004267367,-73.78993106702758
40.86133710422232,-73.91352034679835
40.778077729823885,-74.04569397152238
40.65613729149948,-73.98085816543282
40.73225510068668,-73.87006752077006
40.86638363063837,-73.83166171506895
40.76688833424956,-73.715797902605
40.74554996615411,-73.84779102419934
40.845055960781735,-73.92693418912977
40.86348877971536,-73.97402657694516
40.64124005578755,-74.02118801382954
40.88681612747452,-73.80400833188645
40.776634374260354,-73.92447713840619
40.76857520000001,-73.8370368
40.617556391060695,-74.04045836626115
40.73810585343542,-73.79730766735048
40.88128427660947,-73.83090471806983
40.70550225383936,-73.9587172610958
40.76344679999999,-73.8610553
40.64171029562787,-74.02081378128783
40.60767864307177,-74.04133717946934
40.707929426369546,-73.84583917231687
40.76264035582896,-73.84298000930013
40.725649811816886,-73.89175097736027
40.71472594771715,-73.97661205057935
40.828833983558965,-73.84478567379671
40.682347405266434,-73.72722257233363
40.73857812385529,-73.80803571894769
40.61326760000001,-74.029279
40.76636742504115,-73.75919277227817
40.828255355474525,-73.95280885293865
40.665605,-73.7921002
40.70805737504912,-73.84497951842975
40.746901374940585,-73.73659941031794
40.75200744777909,-73.83621958915397
40.83624831185839,-73.87266480537195
40.66715570000002,-73.7395915
40.76251117744032,-73.9021539767307
40.73552250473918,-73.74273397131954
40.87139441019694,-73.90684393284607
40.85611140000001,-73.8723097
40.71082798724397,-73.98041377758163
40.66639160000001,-73.801915
40.82889003617105,-73.93495562741221
40.78740514572968,-73.93821333805508
40.76197421791731,-74.00741551061134
40.88647969867745,-73.8113946119751
40.6680495207389,-73.73832601178813
40.766790802297805,-73.90391929519858
40.87404462557692,-73.99512946489642
40.8941653,-73.8623816
40.84423577477897,-73.92725914596998
40.88744879082106,-73.91184672046185
40.6224784813777,-74.04130790706697
40.830117172485686,-73.81965526972263
40.613180876176,-74.02913138720683
40.665746976063886,-73.75381311590571
40.84926325984317,-73.87143824672115
40.8426986,-73.8376946
40.81219015679823,-73.89904130405522
40.839028619204086,-73.94705401123882
40.89611749437489,-73.93976974828885
40.78910738840205,-74.05099051766591
40.66543904473708,-73.79175653124261
40.85828488211354,-73.97911447853872
40.68647686582394,-73.80742441635789
40.73639939585558,-73.7418183097412
40.72715033136968,-73.97180347128489
40.75801109561668,-73.99937038764594
40.843707288605735,-74.00543297756995
40.666085451669154,-73.83357819629092
40.75099551175385,-73.85138807312822
40.7580565,-73.8543306
40.662811501938336,-73.81381515938229
40.8280607,-73.8452504
40.78360483677889,-73.92957917765023
40.87281650662079,-73.99803177452753
40.78608184995485,-73.80330148430086
40.67474244414842,-73.80199547176308
40.866840465714965,-74.04127992949941
40.65279950022172,-73.97710506535266
40.75927049096776,-73.71804857668964
40.81105632316876,-73.90063076220302
40.70755130434468,-74.00058778317832
40.667414459928224,-73.7748326450674
40.76661141281127,-73.88929670632133
40.84302342431334,-73.9938926763463
40.79756460577294,-73.92913033155918
40.64611247385276,-74.01634575389605
40.667248085221296,-73.76891086309452
40.583265100000006,-73.9726208
40.82516621203574,-73.86604970727493
40.86032568797775,-73.97513189472717
40.86241706555223,-73.95682441573672
40.60268498542984,-74.05695579878838
40.7257187717538,-73.90020349877129
40.831788704321625,-73.83036336278617
40.75348231530669,-73.72397302541421
40.86312154536783,-73.82658399113278
40.610918607694266,-73.89732666473982
40.72980097435525,-74.03737765825741
40.80010445153796,-73.92740077275633
40.89823614816744,-73.86133814646101
40.61170514055384,-74.03680887983784
40.7397962684198,-73.9424086398664
40.76081406154575,-73.73165061377487
40.90388721399894,-73.87853491454877
40.8674737839496,-73.97624684741399
40.60893169203771,-74.03708816881628
40.67393257006902,-73.73414543058034
40.89442516027773,-73.86210734377077
40.700724200000025,-73.9951562
40.7649540692376,-74.0144959207242
40.84740542934639,-73.98948590713124
40.74606125403169,-73.84807644836258
40.81414655875161,-73.89648503082736
40.69513642355837,-73.81250624262064
40.8951264,-73.8169538
40.85245427765598,-73.94153364322523
40.71399351639273,-73.83179022636644
40.83091452515786,-73.93519770387411
40.88402742416867,-73.898971056047
40.86150054111794,-73.97444267127004
40.84234500392734,-73.88932114196908
40.69444692210977,-73.87626263380054
40.63161703627288,-74.04012041381667
40.62366679767772,-73.8959001267961
40.66363162961164,-73.989970863001
40.80988397134266,-73.83469959337063
40.76214339999999,-73.75676450000002
40.86165412077074,-73.82781112313832
40.82289019999999,-73.8205114
40.8995821,-73.8943116
40.742952691638905,-73.73091397788586
40.70035740000001,-73.8153067
40.83705581708045,-73.93434974763613
40.651120267797786,-74.01091173019739
40.74574262062534,-73.96537006465404
40.689063719790845,-73.80908869205025
40.76494391119187,-73.83982246598737
40.75477363217645,-73.74278378686897
40.69586355483326,-73.9689546525212
40.88396500652423,-73.82544102759734
40.74214066922441,-73.84110499740123
40.65432859999999,-74.0078103
40.89328031156424,-73.90815973991059
40.86694571713208,-73.97591560235435
40.73171069360372,-73.97402587165118
40.69568176098333,-73.72685878623415
40.89419969126362,-73.88531278011088
40.68047160809861,-73.72866148874131
40.58492549999998,-73.94393050000001
40.69848513923864,-73.81431937240997
40.75970472762374,-73.75103478408931
40.61478475958688,-74.0397835669869
40.6962400141571,-73.97835271161605
40.840452922465225,-73.93221328743309
40.76861577917279,-73.90633626978273
40.68675533747428,-73.71466748361755
40.85618859084403,-73.83271635431414
40.64472670000001,-73.7966529
40.82288289999998,-73.8201205
40.892332213996745,-73.886482254795
40.79516615522069,-73.92182824773026
40.89798932003297,-73.90776103497815
40.727282826222336,-73.83243320822295
40.87010615575802,-73.8721684603181
40.76992434975693,-73.7611812346607
40.71875861380203,-73.82632211712911
40.85186852910024,-73.87134405018283
40.74395024907835,-73.73249211620117
40.83017779150498,-73.83756100206593
40.63591035827445,-74.01775145745857
40.80314752709643,-73.93057907840469
40.83648496622864,-73.94910876386857
40.60994528349918,-74.03530416809761
40.88618578969813,-73.80996073101728
40.6517680136528,-73.80583926440225
40.76951084759885,-73.83595151542238
40.804627708255886,-73.91171370605534
40.85129324924669,-73.95109866361454
40.75322909175518,-73.7240345096365
40.841680874905904,-73.9991156674119
40.72676207176877,-73.83229291954187
40.655724426091055,-73.85909052767211
40.86241747901076,-73.8269603289375
40.78011887406629,-74.0472149693072
40.831223451645,-73.831265953543
40.83522833220109,-73.82489611109516
40.61377587319227,-73.89720832773982
40.68726974681557,-73.80806615219632
40.739769595421286,-73.7250777914111
40.7668865662983,-73.95048844025862
40.811136054311305,-73.79397328763028
40.74392561004886,-73.89504508346248
40.74607369999999,-73.973633
40.77035719664212,-73.76163918027142
40.726088041386994,-73.93115532575479
40.68667130300275,-73.71431618744654
40.745187643884506,-73.8368562192354
40.736176391273865,-73.74204091799233
40.84528433064289,-73.87157452700528
40.78573911257566,-73.78723713250307
40.662832084862266,-73.98921182140111
40.80862673736883,-73.90427469235057
40.633928422476586,-74.01591431369506
40.75636672837683,-73.7215165348069
40.72889615746925,-74.0522760102763
40.73390281773781,-73.92180338719191
40.7674304,-73.9500185
40.75119816474266,-73.83583401755712
40.88139950607592,-73.81694785447951
40.6918437,-73.999254
40.66982886065107,-73.99733016752378
40.887782334717805,-73.89374845466143
40.86697080149611,-74.04715691931374
40.6665719750028,-73.81331433200076
40.81211821673379,-73.89936958319889
40.748403812795765,-73.75942505752735
40.640442257697885,-74.02727526930295
40.79359519999999,-73.8243973
40.64184602840143,-73.87702616633015
40.84675128870882,-73.8261441208557
40.681029045807904,-73.89667063920565
40.787791938790086,-74.04961954456752
40.74804621978523,-73.83469951860505
40.82603995571434,-73.82914048377894
40.734166991118606,-73.74464788761212
40.66669881805132,-73.76395505151947
40.71581556728072,-73.80824594291846
40.62523863009953,-74.04131305219734
40.76076225332139,-73.77815140099207
40.74758660863916,-73.96808228862301
40.6815520414825,-74.0026907059497
40.82836895032729,-73.84381089605652
40.7441817085372,-73.83750334137378
40.67714360152952,-74.00183928559561
40.83785829659343,-73.93389993658377
40.666504879618046,-73.80526501804975
40.76600310974898,-74.02336487687786
40.70556408682815,-74.00406913556742
40.6664211692512,-73.80606500707768
40.81446627788891,-73.83656801788807
40.62308465603781,-74.02053218568334
40.85408767734008,-73.96537634332174
40.864796253344494,-73.83080099843781
40.74733905634197,-73.73706936254395
40.66950258924398,-73.99729902492506
40.74084923324924,-73.73743057796263
40.8590029,-73.8271493
40.74335179698049,-73.96149589628807
40.68597815419973,-74.00041062314371
40.7463690365876,-73.96620231185517
40.86178515848472,-73.91271384923324
40.80928108173989,-73.92904695550017
40.82588558165457,-73.93107611172317
40.70009240000003,-73.9616663
40.85021362692838,-73.94498089537382
40.73907324040357,-73.7244328430871
40.89913054860588,-73.81571013690437
40.78012904194144,-73.82609718522981
40.76522462317724,-74.01513881235263
40.8066858,-73.9242889
40.74075324117437,-73.72664394390542
40.61240911082076,-74.02909086646069
40.87442129475362,-73.98342646672415
40.61250687328736,-74.03779862254837
40.84616150000002,-73.9309682
40.88655851210716,-73.88721769886554
40.66448048754516,-73.78645803437263
40.66188068566077,-73.85053244017024
40.87145041676128,-73.99980632030926
40.73029861061975,-73.9728411330124
40.82046850608112,-73.89006732167395
40.75749858580364,-73.77717550754419
40.73495100000001,-73.8362505
40.8767556702976,-73.87068551092403
40.71700720994188,-73.79904186450445
40.83215094539106,-73.8297855212494
40.705019401395305,-73.72723840337721
40.73027363279988,-73.91350480671827
40.8748672827057,-73.92716352796205
40.640992945170304,-74.02134787912955
40.66345734267594,-73.81979241892594
40.65420029894721,-73.78806530292528
40.745274317771,-73.76909851691087
40.80360719136288,-73.97243459965561
40.66489773921695,-73.80223486454892
40.85630521538791,-73.97260404959204
40.6394401090718,-74.03630914263333
40.86592850000001,-73.8238492
40.72592519999999,-73.761671
40.841460700157576,-73.82551089853285
40.72017912385004,-73.97470696236228
40.664764239385306,-73.84490435473985
40.72569983889663,-73.93142923928247
40.7480593,-73.728893
40.89135237692851,-73.80004187880556
40.73198237718128,-74.04776727624632
40.847242400000006,-73.8714529
40.82884785375037,-73.83604270639316
40.80864720436756,-73.83390519276331
40.7282627434821,-73.83931560082115
40.67057485064462,-73.99780689206098
40.73697349117749,-73.90639743676199
40.86999493160335,-73.87231755580558
40.720099000000005,-73.7258839
40.67516652723851,-73.73310152129767
40.62185365544067,-74.02133950274843
40.72757556957024,-74.02095480840087
40.85995218387435,-73.91535761174724
40.75578166469,-73.89970587753912
40.60495647616151,-74.04993891016227
40.82873630013316,-73.93477365549626
40.64620637523907,-74.01601404201158
40.62682021878236,-74.01838288355172
40.69922383648334,-73.72700049245586
40.74444939140271,-73.9634740782797
40.65832537420093,-74.0034188350827
40.82820605337757,-73.84056892308257
40.75966271703938,-73.70977459882359
40.86584947862744,-74.02088850475829
40.6453703,-73.7868328
40.6954868,-73.8754275
40.767453800000006,-73.9501457
40.84206968281749,-73.9952922204203
40.70143190074442,-74.01537125848266
40.818066008991735,-73.93417487970413
40.8352230318155,-73.86692785628769
40.68178970000001,-74.0057595
40.67927786903815,-74.00349991841779
40.68771715238106,-73.7239154043168
40.79868499999999,-73.9237419
40.83319350643663,-73.87405829921155
40.88656856329119,-73.81594567351466
40.60248770333332,-73.89997404760082
40.84324543394054,-73.87203099416762
40.798720153339374,-73.91918949083701
40.7042648,-73.8172947
40.72503920106068,-73.93397185096799
40.78770039381288,-73.78982343932896
40.60391875288745,-74.05295951259627
40.6332728525652,-74.01614078889045
40.60614214997678,-74.04626098428676
40.59832413720434,-74.00618606372073
40.71666429147805,-73.82107116706331
40.84163083576547,-73.99620034160198
40.79735305243924,-73.79351821215866
40.76706663329319,-73.90414678226745
40.80166969999999,-73.9170459
40.84176270652867,-73.83820545655063
40.58677180632677,-73.91101856099021
40.7088137,-73.8417546
40.7646309,-73.8399327
40.60488919181593,-74.05028641426273
40.6633402,-73.80190690000002
40.77158830826427,-73.872069128996
40.713535727100535,-73.72901751754932
40.765886753514295,-73.83909082646109
40.74970953299983,-73.8507063424515
40.66454535270199,-73.79240964869453
40.662516057330606,-73.78135573857833
40.743403561170354,-73.8344899640555
40.725536946170536,-74.01053400735341
40.784332515374864,-73.78602247672764
40.846798154408255,-73.94517838754403
40.87179411327218,-73.97975434571444
40.88704530642662,-73.88753123379537
40.76026506390433,-74.00279081707545
40.86793465894899,-74.0524068187442
40.73477959474924,-73.97481264433083
40.72280643038672,-73.72508877589269
40.66058192763,-73.98729622732571
40.86638716829335,-74.0239094917916
40.76471251301562,-74.01335789337817
40.65579486493139,-74.00615961046802
40.90019910000002,-73.7958867
40.836240100000005,-73.8251058
40.736232661216,-73.84484107536639
40.85426466473905,-73.96874156316217
40.60477329922492,-74.02328673600988
40.65739258735415,-73.85657079994571
40.6682655940384,-73.9962460730032
40.60456767204853,-74.05128367364115
40.75492727083404,-73.85234597652429
40.75473095829849,-73.89890745547234
40.775571854837736,-73.92347717840357
40.76941774095401,-73.91209593575576
40.89885759999999,-73.86133480000001
40.69596153902457,-73.97148516824483
40.851724136649096,-73.92136950171303
40.75900571257111,-73.71869997340569
40.76548968930571,-73.86238061022038
40.61030693727928,-74.0328676187692
40.72543907264496,-73.89537951229914
40.729457711283175,-74.03499554529972
40.75993148982289,-73.75169320450618
40.61404020484729,-74.03931627194626
40.8345121969964,-73.94969190980576
40.65546889847292,-73.79061135502734
40.74258709485205,-73.78069852695872
40.76071291205071,-74.00579525603901
40.60972146570168,-74.03502871624542
40.75728042108711,-73.72109146863832
40.76020873333744,-74.00322060138197
40.64133803152874,-74.03384958605233
40.86547271013187,-73.90976659374445
40.80291355571994,-73.79356351847142
40.82859493922067,-73.84312267160391
40.69644998368281,-74.0137333184081
40.84470375060867,-73.92348608352542
40.83448235001532,-73.86489491611668
40.76165658033059,-73.84486305981837
40.5838400159845,-73.9856480639838
40.804855532487736,-73.91167675176136
40.74410014282157,-73.77139539357347
40.67654400000002,-74.0016227
40.8342754,-73.9353609
40.72300630701099,-73.93952913022773
40.65680405881759,-74.00500617502738
40.800520504332944,-73.91772351975747
40.88098004158685,-73.91762854465145
40.63056961521986,-74.04056575705052
40.59779672309924,-74.00510419026777
40.88939667833049,-73.88849076370344
40.76653679309559,-73.894543731527
40.75655212954989,-73.72164152560975
40.84204368675221,-73.99513212354256
40.884045070201246,-73.8987571850619
40.60789306597447,-74.04067278753439
40.875448018194085,-73.99067215555269
40.77143750221212,-73.78353430362299
40.709832623364434,-73.99112154794395
40.74734452403031,-73.89532529757967
40.705838955998125,-73.81809980331194
40.64149045415415,-74.03355862922236
40.6787763,-74.0030761
40.60910489833543,-74.0367045646448
40.80538599578148,-73.83199353180399
40.71879396167269,-73.94659825555658
40.663191166927,-73.81748945847177
40.73902988664264,-73.76899310796344
40.73886936973058,-73.97328683286388
40.6672767,-73.7702274
40.70189958264651,-73.81620561856244
40.74738998109342,-73.96741959198846
40.78152906087662,-73.82507004701829
40.74051188638597,-73.73772086531223
40.905080102739205,-73.93499809759732
40.851949791564046,-73.92115325944093
40.69164644349101,-73.8105566487655
40.76092730132349,-73.8581578645846
40.76569767153436,-74.0176450882777
40.60705726816405,-74.04304938810039
40.7325845111711,-73.84337059829568
40.58513132439656,-73.98931471518117
40.621009323879015,-74.0222204325743
40.78731787420634,-73.81355141224479
40.84481051899357,-73.92394825115342
40.60179921144522,-74.01253608892377
40.79648202859089,-73.82624850206336
40.88968753924105,-73.88757494418812
40.88529496023078,-73.82099526101771
40.84606979999998,-73.9303025
40.78619916466536,-73.98366724989498
40.87535070272396,-73.9915222086283
40.87583959851572,-73.98703225490145
40.78768365051022,-73.79184827838516
40.69230872625143,-73.88156228781322
40.83214931313164,-73.83001724454263
40.67814778276561,-73.73023661572013
40.77990732702156,-73.82587258309704
40.724908600000006,-73.9344658
40.75600470000002,-73.995113
40.8668075,-73.931991
40.75714748092938,-73.74732585573412
40.682933077186,-73.72703925170289
40.75011274230053,-73.75386695746683
40.74330450644452,-73.77638948185101
40.87517090000001,-73.9845657
40.737281621571206,-73.9334414292503
40.88634864483926,-73.817538121202
40.7478520058974,-73.96871753818144
40.70938203655561,-73.72766859122471
40.72201991711968,-73.777787444243
40.86610858865599,-74.00653867000383
40.6092857237192,-74.03635362653824
40.80245785358016,-73.82994836407165
40.77165860174526,-73.87470736214385
40.638363250682914,-74.02121626157754
40.85319492549038,-73.92016537412445
40.8719844,-73.9804364
40.66665057949589,-73.78711638822145
40.74865229696509,-73.75860583304978
40.68306833439996,-73.70695178540541
40.7671184454313,-74.01907487765168
40.66689290274735,-73.83777565047622
40.73844016322295,-73.79587389676868
40.7449725451086,-73.89450199926948
40.708003850738514,-73.84570920048378
40.758067853192266,-73.90108869003897
40.894134105718535,-73.88550465453982
40.72750883928396,-73.8388294165825
40.72872763738303,-73.92768331684057
40.80015312455088,-73.9272554964255
40.63946987798823,-74.02159785163353
40.66356997311348,-73.81068056853586
40.643211870990285,-74.01922265531
40.792911391578656,-73.933766157886
40.867208307734366,-74.04491478887842
40.77799824810359,-74.04580863300878
40.870527488660215,-73.95331593828097
40.72554517236995,-73.89150731883525
40.7033553725527,-74.00754060968461
40.58337046525975,-73.98276437886108
40.88460269240032,-73.81585981573032
40.65991476735181,-73.8536295531234
40.73286063571959,-73.92045036751205
40.82755202576884,-73.8335297118999
40.89482417067464,-73.81683408006263
40.585156,-73.9548371
40.834225382723496,-73.9499183127753
40.87543263188014,-73.90503304356099
40.74568109999999,-73.9724756
40.783443634227424,-74.04754058561207
40.87457560142846,-73.90530454580025
40.84558493513277,-73.87152588877237
40.60635766868539,-74.0455922311022
40.70781098594973,-73.72736506165337
40.84647800322703,-74.01669616033472
40.76572201030387,-73.90347328493978
40.754598481209065,-73.96247954790981
40.73829096310736,-73.80392282239372
40.66566254413033,-73.74738356606225
40.84527402660999,-74.01473396389463
40.75403121611717,-73.74481880254486
40.87497450000002,-73.9846807
40.86705790000146,-74.0289552505602
40.7599371067272,-74.00257525046952
40.76223476609389,-73.83941844945129
40.77018347721861,-73.76164055426922
40.666511136460095,-73.79450113953209
40.84880697733585,-73.93722331779165
40.8446442901924,-73.83722650656628
40.87253294206582,-73.99816065341716
40.74535164093079,-73.97066326968888
40.68183760914213,-73.80514023412196
40.8521728959977,-73.92093243046118
40.60894869484887,-74.03756969400045
40.73353686947617,-73.76623850761591
40.66685910088047,-73.76643534966196
40.716350300000016,-73.827364
40.76658878406657,-73.88838472559769
40.85458403111156,-73.96677084158702
40.880858834818376,-73.94810035289085
40.76047891466844,-73.85724527358342
40.86424809999999,-73.8253734
40.881090381239325,-73.83116609189398
40.88260422055796,-73.81638934505175
40.83704674178898,-73.87913409325465
40.78079829055978,-73.76968159846363
40.86717852762061,-74.03332563758256
40.61701075844241,-74.04034713917862
40.7870367321534,-73.78904465913826
40.76626915510562,-74.02313673935026
40.836381800000005,-73.8245637
40.88984140077772,-73.90840688622684
40.7571252,-73.9001494
40.76757398372111,-73.90135452679357
40.799980647652895,-73.92684749496529
40.634636267903446,-74.01636827539602
40.60619500318556,-74.04572077627127
40.7665313,-73.89356200000002
40.86668431037893,-73.97520560771812
40.7567449,-73.8536104
40.82562411030951,-73.86162811115794
40.72307804452571,-73.72501366324427
40.737756032613866,-73.85080969940972
40.81081113258018,-73.93116266722456
40.80577409340914,-73.97078153345356
40.6657446,-73.99626690000001
40.63369086114481,-74.03914681438407
40.750429700000005,-73.7277261
40.71103739275744,-73.83694890480662
40.7945998,-73.9783159
40.777834741074415,-73.92539185022346
40.73687493314691,-73.85364667163002
40.83182769567577,-73.8380339734912
40.825083250817,-73.86767930038317
40.755318251604,-73.72205752860232
40.78538499883424,-73.94022579195473
40.81760914021819,-73.96190860310139
40.71168819999999,-73.9551004
40.60405375247188,-74.05220778490373
40.58479910000001,-73.9519506
40.67606914783828,-74.00124158255217
40.7819159322855,-73.92850211709107
40.727830780217694,-74.02349742782899
40.88002000000001,-73.9187402
40.615962633549856,-74.0266834803341
40.6459545,-73.8743512
40.88968474691345,-73.90864605009246
40.87390904221537,-73.99544558515183
40.88589599999999,-73.819254
40.670269593076114,-73.99777418524336
40.74337628583242,-73.83596913071295
40.88239560897518,-73.86849629740642
40.68544536503906,-74.00081200060448
40.66739766836182,-73.73935727810773
40.76644207137615,-74.01803188931717
40.826290164237534,-73.85752186873954
40.663053912584296,-73.81199745202996
40.812727661212,-73.93457533089573
40.85934891489329,-73.97509002616584
40.76441295056368,-74.01321015313687
40.69798437677949,-73.87000066492786
40.584109,-73.965808
40.73196774544244,-74.04625479308572
40.8290364226527,-73.93148995524459
40.69396599999999,-73.8118926
40.688585680099614,-73.7266282186508
40.829352129188685,-73.87319240684027
40.849222668509775,-73.98765980623655
40.66439944400594,-73.99705081177426
40.67913290829821,-74.0034592049132
40.68460604472149,-73.70931547043212
40.88618208533482,-73.80718108113749
40.840792373319694,-73.93238759481018
40.64806156603802,-73.87192331904807
40.74165663040016,-73.84606725297552
40.86860249074012,-74.00351672108437
40.75379505992274,-73.74462246607627
40.63996331562393,-74.02559456325422
40.78784144733305,-73.77687163072245
40.689052920719774,-73.89082240301147
40.86691254970166,-73.97567613607382
40.83119446117986,-73.93522024526966
40.61112524920893,-74.03103180382311
40.617899994681856,-73.89743240920737
40.82593441161075,-73.82880663478217
40.58599375583822,-73.99033175073528
40.87408026273958,-73.99588297915712
40.892361875603896,-73.86409444189687
40.71450202325206,-73.974737568625
40.89062391385017,-73.81562971043897
40.87587275354938,-73.9892803144917
40.726519747562094,-73.83210076914519
40.81332015162155,-73.83654094442463
40.851216646021726,-73.94996035337218
40.8538787,-73.8719097
40.66748270000001,-73.7717118
40.8671584845223,-74.034414399235
40.76650767787385,-73.86362651625183
40.84193060167552,-73.99978200472141
40.70418189536502,-73.7272015815073
40.73327195595388,-73.86696987037496
40.67332286020312,-73.99952162532006
40.70390272408944,-73.72718940990931
40.88649730000001,-73.8153806
40.73894721848424,-73.79346546930937
40.900126431291554,-73.9063945353834
40.60306557627656,-74.05540220113731
40.72736281253383,-74.02064197745241
40.755768102945375,-73.96118825162522
40.678352415385845,-73.80346822014228
40.81827466883704,-73.80605806158945
40.90101030637656,-73.8788347773673
40.633513177832285,-73.8819228693226
40.66396129659263,-73.78558961800316
40.77269113955085,-73.83144971323522
40.83326571715138,-73.93525629984164
40.73487724721597,-73.86173913894645
40.726433794556726,-73.88981189812358
40.674180083768846,-73.80152994341225
40.64033588128338,-74.02687630363329
40.699425800000014,-73.8150054
40.7103459,-73.9617571
40.82124716651133,-73.81704070152836
40.8226727579612,-73.8361636484119
40.842112060670615,-73.94530831592675
40.7883169200756,-73.7777804138508
40.735225160165655,-73.83630256085523
40.82404429292647,-73.87463939672175
40.75066900135472,-73.96601861975132
40.65854270315991,-74.00319206632338
40.77496796272266,-74.04400093442946
40.86493125091523,-74.01065206891572
40.77010483083332,-73.78309031258085
40.71578359589443,-73.81675821762624
40.76011679529225,-73.95724099517942
40.72079878577995,-73.97475022948291
40.89156080502772,-73.8157924651959
40.71855545071098,-73.83239628597634
40.77305213451728,-73.76479723234108
40.88035041179883,-73.94838931873517
40.72898405217936,-73.83988167745275
40.7468855639202,-73.96913144494144
40.58260842011485,-73.9759770766223
40.76928042529658,-73.91066248402288
40.87006459620308,-74.00180058411209
40.73086119358667,-74.04931756406569
40.88659381673903,-73.9448782641262
40.75774180658303,-73.73821530881747
40.7674299,-73.9501703
40.64437875923397,-73.8753789759006
40.78896344339307,-73.98253815256109
40.75239423388351,-73.7432544978137
40.714225583785804,-73.97446460334342
40.76017257751546,-74.00451024066247
40.67857999188861,-73.7301421718091
40.74304574638728,-73.77819732776697
40.78295129043365,-73.78533083512603
40.80014735074424,-73.79371103233062
40.666212596061314,-73.79995760426485
40.87247561095238,-73.9285071852852
40.73325030000001,-73.8355363
40.74463414035994,-73.96374492896946
40.84087870017505,-73.8254736317032
40.819963083144266,-73.95983902149433
40.64973999063145,-73.97560790544158
40.70965681008501,-73.72772236428885
40.8677988914629,-74.05167570507741
40.83373092208746,-73.87390940041456
40.87004452266645,-73.83352781623408
40.86643878057714,-74.02489612487007
40.74878903797215,-73.75828576504118
40.77572740746472,-73.7669622494628
40.7168370710144,-73.94940683288706
40.58511393405109,-73.91413084487249
40.78679920076395,-73.77564553818377
40.722941221003495,-73.97401050084899
40.84701586989239,-74.01826500889645
40.8742732,-73.9941448
40.61212492823469,-74.02923006537057
40.63593914430971,-74.03789916269605
40.75525864466828,-73.89909170703496
40.58529505260533,-73.9418711628417
40.60355157754571,-74.05428342521512
40.7646207960468,-74.0237264887147
40.69389581288564,-73.81159565665179
40.838315400000006,-73.9334654
40.69142165809385,-73.88564510332324
40.7257330202367,-73.76995435056592
40.81013132405114,-73.83485847703489
40.68451398463277,-73.89498686198927
40.80708150000001,-73.9335118
40.7305645,-74.0363332
40.754645200000006,-73.9979154
40.71687333759338,-73.82163156793477
40.78437666121532,-73.94215745768494
40.77312590276663,-73.94448735554322
40.7785702782323,-73.76837721948154
40.75391790509212,-73.8524732310982
40.62170681892331,-74.02161793261772
40.8446845902609,-74.01350808562917
40.797977420287765,-73.97533396257415
40.85126964164766,-73.92599103576394
40.82987365815726,-73.81944845685469
40.65142767372807,-73.9763513039657
40.72879658942775,-74.03032732400578
40.82879743011201,-73.84518180447002
40.76724901373112,-73.88651836541985
40.77115948312704,-73.87025097074827
40.7573397093369,-73.72077639447454
40.82684020000001,-73.8728596
40.71097040000001,-73.9801685
40.69506334619054,-73.8759807226595
40.820526850347306,-73.81271311565733
40.82673139141615,-73.81685404630868
40.78036749798191,-73.94386880471899
40.8444556,-74.012093
40.72551559707524,-74.00722748292198
40.64290044245425,-73.876457227408
40.82848995595308,-73.8383699064709
40.83673230557217,-73.87774127002766
40.89819094221471,-73.79684117266783
40.84916170778282,-73.83620723574334
40.7300160361495,-74.03550378168592
40.58463056613961,-73.94729196828612
40.74867729008151,-73.77377212555365
40.7159109496812,-73.95077129512117
40.87472780000001,-73.9937553
40.74314703153277,-73.73100003343703
40.80730332316541,-73.90620919210326
40.86944584309642,-73.87235359087511
40.85287406269914,-73.95853719898007
40.70168686747286,-74.0111882652307
40.74711072648318,-73.76316341601932
40.78327657410491,-74.04731811929562
40.74106892571245,-73.7862363034811
40.78406622901562,-73.92999712886252
40.66506667455899,-73.82630511645273
40.76361201868902,-73.84057709130936
40.758564430527166,-73.95877025640718
40.72727164490388,-73.83261605745547
40.60884117568205,-74.03790421541879
40.66523180138394,-73.84381882239587
40.76576508507608,-74.02145708381886
40.72586932472625,-73.90012397692786
40.67793020058384,-73.80354646273821
40.738365971501295,-73.79622672992303
40.88595015226643,-73.88730011779174
40.73095612808661,-74.03685550508455
40.750916426563,-73.96581616706935
40.64774195553788,-73.97485387396664
40.77099582904168,-73.76262640176023
40.7132909,-73.9540603
40.58823783945765,-73.90947263716284
40.7198239,-73.7852487
40.84798133519465,-73.92492300677763
40.72353759970528,-73.82809145210936
40.8493002,-73.9413586
40.87333879371913,-73.98174418155462
40.586090669972464,-73.9323296686972
40.72330212571912,-73.82789288431432
40.895709841094224,-73.88126692316676
40.73837019840517,-73.80617657418104
40.85713316256864,-73.83156060178965
40.665274,-73.801566
40.66440436431683,-73.78963815762354
40.64169095332033,-74.0320715150829
40.788640520414,-74.05067204508548
40.83370058949658,-73.82270058229352
40.83484596017914,-73.86565972147784
40.64625390493915,-74.01608605441926
40.62786615649643,-74.04121697281794
40.85058824565742,-73.92243700709737
40.64821010151035,-74.01405898537863
40.74598670304095,-73.96990052116819
40.59922681255667,-74.00761240546392
40.78758285262328,-73.79180550770403
40.5871157294228,-73.91042299757378
40.75315114216248,-73.77584223376644
40.74498450273271,-73.76972938911594
40.69857187611443,-74.01451891741209
40.72107156965876,-73.82642940256943
40.84600062029993,-73.83661651350674
40.876905084567305,-73.95022397680937
40.88644049695869,-73.81719556520603
40.60266114047714,-74.0156379057746
40.65884479444987,-73.80697171042745
40.60215279498068,-74.0586311779067
40.80714311395,-73.9065155330806
40.84175170012257,-73.82552953219222
40.72119980000001,-74.0079995
40.72622569555079,-73.93057949067958
40.68474116669226,-73.8947784445161
40.83393434212653,-73.82289933175316
40.8590350722482,-73.82995116898478
40.640522823403856,-73.87772078575084
40.68439862089191,-73.70931085228564
40.81568978226716,-73.93414634504396
40.82151757119736,-73.83601648159392
40.73528060000002,-73.8448267
40.71780271487711,-73.97519782351155
40.71042284281651,-73.8211774679697
40.86785835224622,-73.82218812501779
40.8443293,-74.0092815
40.79257262270449,-73.82376443964439
40.682435161707,-73.72734890435676
40.64594970000001,-73.7845186
40.78520120000002,-73.9405145
40.73567323690301,-73.84472021776102
40.64572584268453,-73.80034390455663
40.82817985525296,-73.93125409714867
40.80107962870874,-73.9299947732483
40.77413120000001,-74.0429816
40.89544010515161,-73.88487408906062
40.6856345,-73.7116975
40.70679356381027,-73.72751122546975
40.899840219280776,-73.87902923892074
40.64686481726002,-73.78661800643646
40.74539930438566,-73.73493447588447
40.72213953380154,-73.72511185831473
40.6651826,-73.8175691
40.65157681977063,-73.80590056955624
40.81578498370517,-73.96363239771979
40.68880354107966,-73.89102370451718
40.60853717418636,-74.03868006615814
40.84511136878922,-73.9450766950429
40.70474023272996,-73.72722612931778
40.84065120000002,-73.872619
40.74239342274817,-73.82626518554962
40.84752114795901,-73.82657790905317
40.76566711407531,-73.83881973746008
40.90303887053932,-73.87867461647339
40.73155433009305,-73.76487602143219
40.73673460961829,-73.90707137317509
40.73538878189572,-73.844640175172
40.6802209500625,-74.0033423004862
40.89118364957498,-73.88680605676915
40.766462045145445,-73.71593935914711
40.63543078669937,-74.01678164662367
40.60488594497625,-74.04997117381448
40.752566000000016,-73.8975415
40.82929068844814,-73.84135027016657
40.85667950000001,-73.9725496
40.62476232035503,-73.89478512465175
40.73648274551668,-73.90813579065255
40.885986259616494,-73.81891069891343
40.76779454869635,-73.8842247898155
40.76590099228374,-74.01674606427505
40.82051340000002,-73.8137184
40.74104143097372,-73.89849995867554
40.66160864243562,-73.85121765821141
40.849335027280986,-73.94103113273775
40.84489366623362,-73.92541376265677
40.76752322122229,-73.90169343981144
40.870499394403446,-73.97879846516021
40.66512733539716,-73.8253774054208
40.7279685089508,-73.88650537338252
40.72205556418207,-73.82706133099705
40.82183010854599,-73.95815435013328
40.60153846691921,-73.90078802201623
40.7359752274676,-73.85752836956165
40.88425319266803,-73.86777029497735
40.77150746243766,-73.87581193099714
40.75046272139463,-73.85086327445838
40.74347259999998,-73.8367622
40.88059948083061,-73.81722388336655
40.74111233571727,-73.7272115258094
40.689716900532666,-73.72658504542002
40.86801110770902,-73.83234110095827
40.8182377842226,-73.9306114669355
40.74159349999999,-73.9502822
40.76805895841955,-73.9045449562649
40.807571016270266,-73.7937632112922
40.73782674278694,-73.90446804067638
40.66513352352618,-73.99649221474475
40.76005021296454,-73.83863558434149
40.60520883651742,-74.04897532707346
40.70989399037921,-73.9900125545216
40.73811832588083,-73.79912946487427
40.61133973809987,-74.03624723035051
40.79435479999999,-73.9786013
40.60942034514032,-74.03482233763101
40.79499822676147,-73.92212262618686
40.84836085001096,-73.87119350001707
40.73076659330474,-74.0365865659981
40.744602841623205,-73.73389462520734
40.8548576,-73.9667061
40.83411543043037,-73.82611585313678
40.77802664758416,-73.9898080705851
40.78892337543864,-73.92732470322488
40.83211923738835,-73.83792453246146
40.77038564923427,-73.834772073578
40.71664422835859,-73.82677235389427
40.67581927255737,-73.73285016755769
40.748364625996594,-73.7287832919917
40.7647567,-73.758627
40.76211001807754,-74.00773820514782
40.7260517158352,-74.00957828835969
40.73725531397351,-73.90575237566063
40.72628295842204,-74.01319994673138
40.83451550181999,-73.83854166950519
40.84502919113349,-73.91778287799958
40.72629828295062,-73.76696387168764
40.72866323831803,-73.75146663002691
40.89162830000001,-73.9081485
40.7893103992593,-74.05124423277903
40.82434047788304,-73.83613055791186
40.75261381858367,-73.74364175268444
40.72702826301577,-73.83228081275075
40.717376325405695,-74.05595015967455
40.60944939027932,-74.03498518985539
40.68838921189092,-73.89147857014643
40.85100072624118,-73.94894579164007
40.735163516884406,-73.91990180530901
40.7072112,-74.0010614
40.73295970101725,-73.84340903104535
40.81652925364239,-73.93405732128201
40.74777479627244,-73.83477284928941
40.88619614036254,-73.80756282461843
40.72686670020106,-73.88872829996978
40.830036000000014,-73.8348202
40.73667920230099,-73.90777199563782
40.63712208425884,-73.87939160775083
40.65650583596666,-73.98174728243355
40.73998840633624,-73.73885576671967
40.88678814097464,-73.81532283704945
40.770795068573264,-73.76237646047363
40.73957741134991,-73.73934497205212
40.82345466851218,-73.87911863929084
40.7176161,-73.9858243
40.78611732210523,-73.80194406685679
40.83366881946782,-73.86169883045379
40.77723763056454,-73.78462936160244
40.70525272571263,-73.85244162217937
40.65038456240679,-73.86841113886831
40.84563430000001,-73.9293861
40.65577569905601,-73.79146239328762
40.8106973786963,-73.93086455683758
40.743459987535154,-73.77530482643718
40.760145,-73.8984622
40.85393653210617,-73.83506697664605
40.705502791402616,-73.95889427992388
40.60308585642226,-73.89980930003492
40.67952971647325,-74.003709652197
40.75477733608403,-73.77636470713323
40.69621260000002,-73.9638699
40.71932328634387,-73.94573390667439
40.866254416716544,-74.02456407848321
40.8178421936727,-73.89267708879953
40.68768122730299,-73.89205091523769
40.60630364564465,-73.89868277441735
40.90408026491702,-73.93612887326152
40.73210005009966,-73.91933480958636
40.814583225234415,-73.89604021645061
40.84619665153533,-73.93144063421491
40.744023510895744,-73.89514373882132
40.72969789999999,-74.0360486
40.69635353179151,-73.97845318351366
40.66498839106988,-73.83033837729201
40.765860064618415,-73.95146999943057
40.85455128301792,-73.82633757965914
40.75377426077652,-73.83743216895205
40.8096692,-73.9295614
40.595599817710806,-73.99925025405626
40.854570430412245,-73.87207668656465
40.72742255680675,-74.02099448841018
40.61018910986543,-74.03547440544185
40.78038087504371,-73.82594965761554
40.73541670971083,-73.74313002666347
40.85888959874572,-74.01169164420556
40.76381048853998,-73.84002633659418
40.87188505308454,-73.99979935829741
40.81989188854967,-73.9306481900325
40.88464349999999,-73.9145851
40.73952679619861,-73.84528692142479
40.77885634028424,-73.92598196556376
40.88920947072677,-73.80148061090635
40.61854434487447,-74.04084033283443
40.72520541187421,-73.89365084852678
40.84504421886936,-73.82585885558866
40.766665300000014,-73.8381825
40.72821674038147,-74.02489020969685
40.73122154674228,-73.91698826444042
40.87192486968284,-73.83389539202707
40.88516969155936,-73.88697573245412
40.72784628787692,-73.75946612506475
40.738339,-73.9738156
40.60735933965078,-74.04264349594915
40.89318869999998,-73.8836838
40.58495081594985,-73.91444916959847
40.6850593,-73.7263857
40.58594798253505,-73.9125650646384
40.71406092982045,-73.97416156878417
40.78851378301516,-73.79088156617013
40.66647060494641,-73.74031211091899
40.73925221217004,-73.81657733674464
40.66586760289712,-73.7511160000792
40.74238882806856,-73.7296370926324
40.6131471158226,-73.89704638783347
40.79651426969576,-73.79351134989075
40.7713408475792,-73.87652758285844
40.73550093250588,-73.83633635727855
40.607919470977045,-74.04037793092577
40.87438502759512,-73.81862365616097
40.65663756223978,-73.80737048800636
40.70285854174979,-74.01580502121185
40.81866200141363,-73.80869869856457
40.64712674897267,-74.01507223754128
40.76111815351752,-74.00675903125348
40.74340816164031,-73.77566637880429
40.768718500000006,-73.9078784
40.8279774857597,-73.84628931657238
40.79481349572989,-73.79365606357494
40.9055839,-73.8782555
40.79544504357997,-73.9770147802218
40.71736948911503,-73.79820417983912
40.71463919818012,-73.97582265773005
40.747655075848414,-73.96830084648428
40.88537998768717,-73.81549671657235
40.59729997917857,-74.00423194249922
40.61662650035328,-74.02601350144391
40.798751023430505,-73.79352964965614
40.76115051990463,-73.75528398058961
40.76145536676195,-73.83900585296786
40.75498825017392,-73.7455776179168
40.60513723338399,-74.04884768573861
40.82924677533224,-73.83528314088063
40.81630740000002,-73.7983963
40.8488670068838,-73.82710338069336
40.72267915512053,-73.94011951702288
40.738211582270885,-73.80168029509932
40.87358919792432,-73.99578147544936
40.7502044870899,-73.850712385224
40.79763264666229,-73.79352049961972
40.74482026308512,-73.96364988436503
40.84458119999999,-73.9449217
40.67232697870175,-73.99888852674023
40.58350170000001,-73.9834833
40.70353475362235,-74.00724627152917
40.73330036221259,-73.92442078655424
40.82601329577885,-73.82854722500058
40.713419442291226,-73.9713901560669
40.74660141753571,-73.77278799569363
40.7060221318299,-74.00315435188055
40.85099886181047,-73.9496810349258
40.72627975432623,-73.7568730172725
40.7559056,-73.9953727
40.86585473965088,-73.8313740559225
40.72576045984457,-73.76045833846162
40.7238701487451,-73.83697005995654
40.77547573982661,-73.76681186144972
40.76962369327296,-73.83623386893505
40.69077431819505,-73.88885863336647
40.85742600501156,-73.92281781200063
40.87419806294444,-73.99519602067488
40.8744269,-73.9941637
40.72141163871508,-73.94218129208495
40.75973986482632,-73.8388421825609
40.811120732596414,-73.83549402350172
40.60379085653678,-73.89924492345189
40.70155405621668,-74.01507485206427
40.792342691721885,-73.8234267468684
40.69604137380093,-73.97081280551703
40.7339702,-73.8647818
40.602599056879285,-74.0147576314057
40.82901488363787,-73.84175382074773
40.88533009999999,-73.8214162
40.7648104,-74.0240757
40.8306042,-73.8200689
40.85044154157484,-73.82733811404283
40.72699274100405,-73.83854343949217
40.83588769283286,-73.9308025145124
40.82566766306918,-73.86127128916668
40.84497319835096,-73.92104096595384
40.85126074690317,-73.87148321999702
40.84357869798759,-73.8933537103881
40.8708746,-73.8338893
40.71712904345957,-73.98344201699229
40.78769565239723,-73.92864909540138
40.7200902,-73.7814369
40.88902484152205,-73.94415221472694
40.87261766146196,-73.87170812777516
40.83270117752351,-73.8382259122389
40.71989840043515,-73.78557506811246
40.66484072176996,-73.8193439319782
40.79926710000001,-73.91882340000001
40.722766085886725,-74.00692420316247
40.79820299999998,-73.919426
40.6667390793068,-73.8358020252728
40.85290052606189,-73.95852907456286
40.85531960000002,-73.9703435
40.68911400037315,-73.89089200155445
40.870036998508034,-73.97792978343242
40.6235772214152,-74.02003324736086
40.65506538551679,-74.00682018917362
40.781667674371135,-73.78524364892395
40.80839586744854,-73.7937690096731
40.82327217242079,-73.93436853944115
40.582596868453145,-73.9781394935475
40.75748960025194,-73.90038564870756
40.60654625528717,-74.03225844726151
40.84492264518092,-73.9196596690414
40.587714389573904,-73.9096244021236
40.79131126084928,-73.82333739708154
40.68854741028838,-73.80879439374634
40.84901548567696,-73.93828149519507
40.621927028638815,-74.04127148901235
40.75728105405813,-73.85386154627524
40.887134487448165,-73.9447187537847
40.7413886,-73.9533573
40.87940640000001,-73.9196995
40.78590258102154,-73.80003008635776
40.58409039193765,-73.91966582700718
40.647523619438616,-73.8727606450939
40.746344676173166,-73.96582171925002
40.64235207356733,-74.0201290274126
40.75522831297653,-73.7457655858124
40.74670896649959,-73.8482296855431
40.78713461235506,-73.79276043095737
40.61954950080639,-74.02358860324462
40.841499800000015,-73.9456414
40.760129657035655,-74.00246911799057
40.7703859128368,-73.86823317252528
40.7777850952193,-73.98998439105195
40.8857467927808,-73.80732683212723
40.71585648676727,-73.80968894031454
40.7563418,-73.9001856
40.72644429050821,-73.76444748477556
40.86765115612069,-73.97615625015548
40.86975981598941,-74.00160888366477
40.87219013963504,-73.90647480749124
40.770558309900544,-73.86851510072532
40.65312954092154,-73.78675971902827
40.65517353006561,-74.00693213179387
40.66661806167933,-73.80861504747337
40.85459670565513,-73.94075004135706
40.77161815990829,-73.87507782495136
40.71194974167701,-73.96699596446103
40.58561610000002,-73.9131873
40.84773604126878,-74.01971379197866
40.84781182796343,-74.0203127564361
40.77059430755662,-73.76212652069398
40.66732333972076,-73.77925584332436
40.66760599999999,-73.9962831
40.80348931441954,-73.91527289187736
40.8329177682639,-73.87403568804679
40.81003020073927,-73.9302380313998
40.83485120045234,-73.87406706017737
40.83287407694231,-73.93535549762622
40.65971346043329,-73.85388111213177
40.737127745227774,-73.90635979918535
40.858352800000006,-73.830317
40.82093245507864,-73.8142945399897
40.82832944928404,-73.84064387272456
40.68481235274941,-73.71027224631952
40.7493003,-73.73976640000001
40.66674712339634,-73.7849233751605
40.813013524357935,-73.93454614678367
40.76169410787841,-73.90189574203005
40.86704146474629,-74.0405967035501
40.8996375,-73.893672
40.696319616580624,-73.97987171754185
40.61266226695665,-74.02884902630575
40.61081840000001,-74.0312028
40.6661125745904,-73.79481561374278
40.74432701232454,-73.84694112178921
40.74314901513561,-73.77747413220213
40.75182726965958,-73.77526490792232
40.87854853711968,-73.92101872866812
40.78410227150731,-73.82470946165996
40.868379530695,-74.05432074134512
40.76524878790952,-73.83967823105455
40.77910188187012,-73.82630786211136
40.8947333,-73.8619887
40.85948760000001,-73.8271613
40.790562521980455,-73.82253440763317
40.85085824115979,-73.94896552622029
40.72585619627203,-73.89106827290126
40.67768710000001,-73.73099
40.878555038592026,-73.94954314904643
40.6296485,-74.0170879
40.84266296359192,-73.88993526697709
40.60327444278273,-74.05526867623624
40.8936192336965,-73.88578382448405
40.77349294729693,-73.99287179640686
40.64766229651551,-73.78619316384085
40.739764574433785,-73.79049235372126
40.5857511,-73.9315304
40.89719394540256,-73.88021579709905
40.82166991860487,-73.81802361895119
40.71087250878032,-73.96355804100682
40.876346177136966,-73.83474251200957
40.854068300000016,-73.9678185
40.76549684479791,-73.90348768155496
40.7969242,-73.9760626
40.65926544266186,-74.00255392361201
40.83543089999999,-73.8386477
40.73584894581931,-73.91289584004814
40.85132397927666,-73.92584594476521
40.864046172416735,-73.93340569145869
40.75019840841376,-73.75350794330515
40.73888515861259,-73.84759042500447
40.72337220000001,-74.0077737
40.70398685586103,-74.01668038999874
40.76905894054001,-73.8365179998461
40.73100917715292,-73.97345518941923
40.67681001275385,-74.00179063529578
40.7644480619224,-73.90305794449925
40.86164116165081,-73.82846127392357
40.68574089206934,-73.80722028546566
40.7603193376798,-73.85648309339739
40.7890362,-73.8190422
40.62441071421358,-74.04134681639583
40.64632839757886,-74.01612066894778
40.75740867290066,-73.99610056537645
40.8059994,-73.9325
40.69216277709468,-73.81085088188581
40.75433090000001,-73.7227651
40.82646481227371,-73.93100494484895
40.73248640000001,-73.9249503
40.78335849999998,-73.9434726
40.82557910594974,-73.86325863682197
40.84560346331048,-73.9295510918282
40.5864458,-73.9116317
40.68508816951354,-73.71091318230313
40.819857602251496,-73.81288019110065
40.77665708061175,-74.04528608426979
40.73919170109274,-73.76927618007944
40.80998100000001,-73.9023757
40.74260996474513,-73.82772359249623
40.87519619645589,-73.98495564504789
40.7447610789818,-73.77191488285798
40.5826949524495,-73.97656741503278
40.68008209370259,-73.72872081659027
40.64915316085607,-73.87054279260289
40.719471466440105,-73.72644395645924
40.71278373872682,-73.7289897006577
40.734888839201766,-73.74345879653126
40.74220141668304,-73.84064555734646
40.71447467542964,-73.97552017055186
40.60754523734496,-74.0419152811634
40.74513063915033,-73.8367213129947
40.80501470000001,-73.911341
40.80716184514404,-73.83295528740148
40.70339215017066,-73.8569498873706
40.78653560899374,-73.93911048003756
40.7648694,-74.0217392
40.85977806041185,-73.91535036539067
40.840674183572496,-73.88632433022383
40.825370597510194,-73.86413568461172
40.7364958,-73.9088962
40.77623507678689,-73.76725011519632
40.76822086304088,-73.75996290763761
40.6646331,-73.8278676
40.79127922553384,-73.9252263376063
40.619086954852655,-74.04096331856906
40.862119275821485,-73.82884220113831
40.586868234183626,-73.99121630001343
40.8671896197661,-74.04968614811229
40.6619274,-73.8031835
40.68285741196552,-73.72690727297557
40.66278821701925,-73.8039239609514
40.7041503,-73.85402870000001
40.60352199301921,-73.89936393146611
40.665610064869234,-73.74271969509552
40.584233200000014,-73.9250006
40.73270100000001,-73.7463075
40.86439952043946,-74.01340197475913
40.7184284,-73.7944237
40.840540081706216,-73.93253477756986
40.855238855255394,-73.9231039794512
40.837942000000005,-73.8385693
40.622162268985846,-74.02132175461496
40.76141820399212,-73.90183056894305
40.6083322,-73.8981802
40.68104245293176,-73.70440852186474
40.8066662301548,-73.83263999872635
40.640762099230855,-74.02781203694973
40.63802074102842,-74.03683957514309
40.72873359694209,-74.02959935072249
40.84499453268117,-73.92681806211962
40.663709508040135,-73.80241315271638
40.66085147111647,-73.98768420294653
40.87686131810792,-73.81848468406412
40.6650062123425,-73.81826556386306
40.900376148583774,-73.90588492955249
40.81419782645703,-73.93110630942218
40.90023377759513,-73.81564706414044
40.78440303650776,-73.92992182875446
40.723916286595575,-73.83676220023568
40.709886264969455,-73.99076366680448
40.70699350000001,-73.8510974
40.64072651206147,-74.02789544398522
40.86713174441083,-74.03586608041701
40.87903020000001,-73.9491157
40.8227316097089,-73.81981059086
40.88403550754415,-73.946257598533
40.867560186876446,-74.00442182961767
40.78920045514512,-73.78094537713052
40.70737943766766,-74.00093497806249
40.73825810000001,-73.903364
40.64934668079564,-73.87025284714245
40.72591831710474,-73.76908839236589
40.86707386845165,-74.03895126678769
40.761142407230444,-73.90176460774792
40.88961286629534,-73.81526728719027
40.801393119887166,-73.97397531411227
40.76099022326104,-73.75495010837888
40.70802940000002,-73.845342
40.64466813274751,-73.79394078475902
40.80818701335076,-73.96895722011618
40.89639391775857,-73.88062613255829
40.86981864119916,-73.95394400076668
40.775323481782685,-73.92328921970852
40.7715328,-73.9942139
40.72415653259203,-73.8289565713753
40.66413868412441,-73.80939837021867
40.87383396479473,-73.98221086137163
40.81464842204144,-73.93083517320497
40.88604590766265,-73.81811550969019
40.835417858422815,-73.82522989997675
40.79256891335886,-74.05580984333086
40.73993060322996,-73.94272723641475
40.74844215807292,-73.96784062621612
40.86005607964269,-73.9365869874658
40.7395153,-73.9004241
40.82886456905911,-73.84053177474584
40.83932756333032,-73.92949302549785
40.87713183064562,-73.81841527062345
40.711083456585264,-73.96426846825516
40.88147465913389,-73.83063894015852
40.84435145584842,-74.00837549929904
40.76005319763251,-73.85590877993653
40.66656050768869,-73.81248504720521
40.70240222434583,-73.86653201522304
40.748320896156514,-73.83465138084993
40.7635365100054,-73.83999131221336
40.82324950000001,-73.8806645
40.84172117086514,-73.93147562979647
40.72942286473842,-73.75034156533191
40.797719664246,-73.92940672628544
40.7014961888064,-73.86782009985906
40.89032227632087,-73.94322697205047
40.73580057026777,-73.91326205868039
40.74671248918635,-73.97126452659384
40.73792383400586,-73.9374106977551
40.67733989268788,-74.00213228764453
40.86717144599688,-74.0468309325522
40.626118443411166,-74.01856705572376
40.85171486911216,-73.94305514881819
40.82426740866996,-73.95627585027644
40.71583906714499,-73.80680261484542
40.71651953966467,-73.8016445753757
40.77604115274893,-73.78438577628275
40.84452400431896,-73.90256630993547
40.74763513807899,-73.76080736332304
40.71512793102318,-73.82565953595473
40.79796353329503,-73.82721259424942
40.62148449629339,-73.89725261166161
40.800343461135206,-73.97441616923693
40.874126405995966,-73.83421580609779
40.70766848230849,-73.8495691729986
40.72676286661829,-74.05303058183377
40.72596115981892,-74.01145196551116
40.75388528408895,-73.72347846120087
40.584961549717946,-73.94469309477631
40.678220922840296,-74.00262474231802
40.88078988350445,-73.94829829321259
40.86434925554885,-73.97410843725915
40.67562668849889,-74.0011326215063
40.76785707208875,-73.78167062119498
40.74561885746074,-73.7680906562987
40.78647296553412,-73.80667353312235
40.74294223565421,-73.77892046003025
40.60045650863078,-73.90213187191551
40.68028780000001,-73.8043903
40.65233369744404,-73.78627772159294
40.832642805563694,-73.87400018961877
40.84511836630072,-73.91849728403716
40.838502,-73.8824287
40.62718135930856,-74.01813218275342
40.7570853,-73.738939
40.86709160000001,-74.0380436
40.62401885276134,-74.0414879306864
40.67208538211879,-73.80125219388546
40.730287898637854,-73.87612879538375
40.81004532895674,-73.79379560314389
40.715828394626094,-73.9791528251012
40.74780747239589,-73.96798969255661
40.661432800000014,-73.8514988
40.89897804122717,-73.87923446342153
40.770047600922126,-73.91603450528014
40.80686641482442,-73.90716424643337
40.700681200000005,-73.9857925
40.82903300000001,-73.8463635
40.86715589999999,-74.0402073
40.89134735713124,-73.86467520020253
40.74277935543666,-73.77913140873359
40.87988572955841,-73.81732597801017
40.7715784,-73.8764219
40.84326182291986,-73.8915745974958
40.76817638628701,-73.71412939116505
40.71122475845485,-73.97928348632536
40.70426211783771,-74.01663174094645
40.66583193151372,-73.8420277320598
40.83917037827566,-73.88362732835826
40.68102784477933,-73.89658721686416
40.71596716055458,-73.80954823955884
40.680210300000006,-73.8967386
40.832862902707234,-73.93181459259424
40.762033597900405,-73.72961582578179
40.604671121543454,-74.0506353130761
40.72620365022407,-73.90424238711229
40.69608228681716,-73.9981222064731
40.66613428785587,-73.79296398417229
40.88823669573183,-73.8873354
40.68676369999999,-73.8077723
40.827122110210176,-73.85139149923907
40.66373830000002,-73.8220062
40.66635887108247,-73.78894697711688
40.85191097985457,-73.95432208807301
40.63892776898853,-74.02145874149592
40.85184104608005,-73.95396628896202
40.610396076742425,-74.03312675205812
40.76166057166054,-73.95545470612747
40.70391848247208,-73.85493085839772
40.7353085868293,-73.7429714891967
40.74353535746328,-73.96176513960494
40.66561234864181,-73.74629174708123
40.7440565954125,-73.77209615213934
40.83983427220439,-73.92919757054334
40.84694891600066,-73.93251324969638
40.7931422008336,-74.05661777848708
40.615075112344456,-74.02692276567656
40.75237888150272,-73.74344290873479
40.78071559090754,-73.92758729314035
40.58544927411155,-73.9135023311482
40.88606296261564,-73.9450872202655
40.80560844808115,-73.9097445795911
40.75121811348131,-73.74242197030114
40.844210470438966,-73.82582843681331
40.624657899469184,-73.89437923501315
40.70952043395247,-73.99250899240056
40.67733122098572,-74.00246861432856
40.72659189366468,-73.92990505449676
40.69584583740419,-73.96456297710098
40.86072959244208,-73.87239953003869
40.7176826937702,-73.83138323799238
40.74370321259573,-73.77141319888378
40.730368334873575,-74.05131623205808
40.74139199040472,-73.94848555343336
40.740932788797735,-73.72692773409264
40.84727940000001,-73.9344067
40.86531401253689,-74.01721955461952
40.86636630804056,-74.0072039896059
40.7020463005567,-73.7271075317674
40.78658482835775,-73.79406996481782
40.875214317709535,-73.92595006478118
40.6568516292794,-73.98232056573785
40.861700400339565,-73.82754611808362
40.710113650671005,-73.98821843882403
40.603461609631125,-74.0183789078008
40.84470447580664,-73.99234725272665
40.787894979218336,-73.77729205479763
40.86300017574373,-73.91153417306374
40.866809328031664,-74.02744754380919
40.75778480000002,-73.9009774
40.8654805818199,-74.01547700545834
40.75827455041304,-73.95891237693947
40.724289,-73.773941
40.60622151029746,-74.04548797291447
40.6663259,-73.8347949
40.84496030000001,-73.90615
40.66190538123889,-73.77967270525659
40.74748405104766,-73.76179667665055
40.84201084612361,-73.88872176757725
40.786315563563335,-73.80485723362764
40.69487989291528,-73.81237225541891
40.69230948617014,-73.81072482073506
40.66034991080314,-73.98731517304748
40.786025371073166,-73.8001200381322
40.81537422879727,-73.83632948549892
40.83482032998372,-73.83858138021901
40.71384805066848,-73.95321732722012
40.86578121338744,-74.01978897097068
40.79388368147792,-73.8245819013659
40.7503125,-73.897256
40.716077000000006,-73.8186401
40.78686724377601,-73.81128488218306
40.82037750989097,-73.81240158297632
40.74349361689988,-73.83562343627096
40.65774619386641,-73.79300805265194
40.76496452157729,-73.71851802388787
40.64589894565199,-73.80062391902199
40.698157679937765,-73.8697123351378
40.84632417760778,-73.93178011147269
40.75524952925832,-73.72232133558373
40.73079328031047,-73.91500154060755
40.62420313538841,-73.89479842946413
40.89987399431692,-73.93744818730529
40.78501939697161,-73.77392621718127
40.81788020000001,-73.96180100000001
40.7338845503988,-73.92342384103877
40.74222589648424,-73.84604694045407
40.666762425199465,-73.78711539564019
40.81966962353204,-73.81081429840629
40.88607653872162,-73.8185674062687
40.59124132054558,-73.90827754723095
40.7351063,-73.8445489
40.85688202602434,-73.93915376292134
40.716178679356375,-73.98103985621348
40.67481850119885,-74.00046609725716
40.83702792066619,-73.94885284517635
40.72937757240921,-74.03389672603947
40.66587518550339,-73.75631442045325
40.82926080338864,-73.93180484753967
40.58502779999999,-73.9546289
40.78951322151618,-73.7856401864586
40.725836400000006,-73.7694916
40.61985659376161,-73.89692997278108
40.76552934595694,-73.89466745870581
40.60742049999999,-74.033341
40.84387956969281,-73.89697048214175
40.89374197946067,-73.79885968285063
40.76390032067051,-73.72581810564222
40.65723872261819,-74.0045526567164
40.837679881534086,-73.8387620792467
40.69612938247474,-73.97582321249699
40.695892127598455,-73.96680961339892
40.88602619999999,-73.8092483
40.694202925061546,-73.72693903277116
40.762337054360046,-73.84363024850491
40.86515629438935,-74.00884806984514
40.87964061669863,-73.91936972745746
40.89329608058096,-73.86331419012994
40.707856769839154,-73.84809311022411
40.727984657613554,-74.02345699833067
40.710309491777096,-73.95583967378491
40.82938662835793,-73.8190348356602
40.802219052353664,-73.93010756972056
40.60047284235097,-74.009627951278
40.60109400165343,-74.01047740725127
40.62922683361648,-74.01746924573644
40.894603048942415,-73.90823741010325
40.73642699315849,-73.90850037319862
40.63118963457648,-74.01661278966543
40.71430850000001,-73.7291155
40.68657153030913,-73.71397215281485
40.724035,-73.93725370000001
40.72522850790335,-73.89328601039202
40.825024500000005,-73.8681133
40.907155162793416,-73.93399124317241
40.70223183275322,-74.00940655788541
40.74349339254722,-73.83638324796863
40.675819319672776,-74.00108564310396
40.74808281303112,-73.76007955033886
40.7667588,-73.8638722
40.75904636965005,-73.99989557239884
40.712351439775794,-73.96764382432626
40.62488340621353,-73.89416569082145
40.7388559,-73.9401785
40.85782397979541,-73.97445669794459
40.73047036912177,-73.92653822200357
40.59566625352915,-73.99912651873804
40.90064786647402,-73.93745642122931
40.7630967678606,-73.90250580070749
40.86037985344976,-73.91455898281382
40.8519809125309,-73.95467788793219
40.71645295725002,-73.80199595790093
40.647659969289,-73.97501098846078
40.609803701021214,-74.03489066735834
40.74303488713425,-73.83071813724028
40.83978844062782,-73.82553867024106
40.63609286055364,-73.87983117196715
40.86567543301247,-73.95482701684108
40.86039094600188,-73.95887432983417
40.75553649348783,-73.89941294511371
40.75408565620553,-73.85234387832294
40.664229734834656,-73.790204399693
40.8033627982144,-73.97260981966319
40.85560315687212,-73.97068602931091
40.72676842567185,-73.90598163099934
40.76372774282641,-74.02221398238011
40.89909863886331,-73.93784034725378
40.69345079445968,-73.81159496050338
40.82342623501616,-73.88025716746269
40.82276120000001,-73.8839652
40.86757096891494,-73.87217696250961
40.67709531954701,-74.00190238343356
40.71545474542109,-73.72900919438521
40.800232622012,-73.82851604989482
40.76811536093263,-73.83747231799836
40.65083823365387,-73.80537713717172
40.77382226133749,-73.94386550210898
40.741422774403055,-73.84578035147699
40.8447589736846,-73.90364674228864
40.75390114587638,-73.96292638720502
40.87291343020066,-73.81857676154354
40.72982812051311,-73.92652694525839
40.72992612280043,-73.97223743009494
40.83007530603396,-73.93511963672644
40.78505903003823,-73.7866032586515
40.75278139199397,-73.99897305502276
40.66690140000001,-73.8365959
40.78658016707188,-73.80776127560401
40.61156622131823,-74.0305742216039
40.66610299215429,-73.81513412748352
40.702577421856496,-73.86568770248668
40.77412218101945,-73.92247497655643
40.8046021,-73.9188757
40.719262299999976,-73.7905398
40.71509544200935,-73.82514556857397
40.648368132385535,-73.8716895689087
40.86665237576321,-74.02476809006106
40.717380812864405,-73.94857425760314
40.86765981888579,-74.00495044751906
40.69840581069723,-73.81444970127853
40.70321372523992,-73.81681016274953
40.85662251762768,-73.83213798007213
40.6448401,-73.7876339
40.81791445846319,-73.8038597476507
40.88005002721074,-73.83237281775924
40.76154939332852,-73.77852488682076
40.60519334141167,-74.0297720706114
40.84350855704083,-73.89371893773159
40.73496340670863,-73.9203607883637
40.66975776852988,-73.73714999306803
40.8594153,-73.9598648
40.74378196307863,-73.73220096610684
40.72827219999999,-73.8852048
40.62511990924569,-74.04146085495222
40.825512225512846,-73.82747124938592
40.89181607252578,-73.94259261439872
40.89960100442842,-73.79623734209859
40.63003623126007,-74.01719832298944
40.67768772317931,-74.00221880000204
40.86505117908511,-74.01540905536962
40.66557887922571,-73.74556386867353
40.65280947205764,-73.86361897986072
40.85554064893024,-73.91824254679916
40.83511940000001,-73.8665819
40.851415323368016,-73.95105556788927
40.7617255,-73.8391424
40.8386506,-73.8256735
40.6598199,-73.80645
40.66618894444349,-73.83393273099882
40.74646176028588,-73.7361400605329
40.6881544,-73.721685
40.84626447088253,-73.93221412225935
40.82920645628002,-73.83789984486648
40.79973801120848,-73.82819807328991
40.85529629576002,-73.96886986192754
40.652763958751954,-73.80646740777621
40.70225056463891,-74.01556341006544
40.60612782685545,-73.898895985481
40.64481614803671,-73.7916867622061
40.7417284568332,-73.89765664242401
40.82351896444255,-73.83617544398906
40.62498066355535,-74.01897193420052
40.65265275741573,-73.86416529966225
40.63874019773797,-73.87858224329536
40.58510750458745,-73.9541112724677
40.67559643925467,-73.73306248802896
40.7157163731436,-73.8276966734111
40.67862822283024,-73.80360238187797
40.88606032923474,-73.8050319636883
40.7305617325855,-73.84140702555868
40.76441858698327,-73.72169096688323
40.72885957731052,-74.03105529866532
40.5834886,-73.9840341
40.7204855,-73.7256918
40.77586862784035,-73.82816416287496
40.80526612148684,-73.97097563287991
40.58751521811299,-73.9101621136162
40.71038546102958,-73.95746581612653
40.84997532072757,-73.94430464174815
40.58798765353036,-73.90968543495924
40.74148701511034,-73.95552303534748
40.84515692437707,-73.91775303695817
40.836620272128535,-73.87775675051279
40.86459201882924,-74.0090437418124
40.73505860777063,-73.97488402695186
40.86196233879473,-73.8293970973455
40.83571172393196,-73.83867073576884
40.88683752915982,-73.8872516668395
40.75320700043108,-73.74394399827965
40.748741432067405,-73.84999519443336
40.89181740484696,-73.88676161934677
40.76801288892498,-73.83790738520646
40.64567205752783,-73.78525146248417
40.73244575440374,-73.83530385748425
40.86706276190152,-74.03494982814912
40.71954360787935,-73.82607440465057
40.7509119,-73.8972034
40.82524018581808,-73.87265250761779
40.72652595348399,-73.75560421773923
40.84581292985371,-73.93079771369582
40.61559969082327,-74.02666690425512
40.82072412684831,-73.93437057745507
40.82571839722638,-73.83633145516521
40.707901333609705,-73.81912723178382
40.85883307026511,-73.82992229498943
40.71301749874189,-73.95444045139665
40.90145337112335,-73.93677300004498
40.75288360936143,-73.77573801334954
40.83315415524418,-73.93537457799543
40.835949218793786,-73.82458504987386
40.819135598494285,-73.8916120478247
40.87095625931752,-73.92947764419378
40.58542927518332,-73.98953415915356
40.60517642987848,-73.89885770020112
40.68804089599288,-73.99955940849195
40.6480159086019,-73.80278440187382
40.78694022234083,-73.7887556921075
40.65038550000001,-73.7857655
40.80404385569669,-73.93078258914512
