Latitude,Longitude
40.895879,-73.881314
40.618998875,-74.040794956
40.737464962,-73.741085374
40.74490193,-73.770209145
40.66159545,-73.77871632
40.826475,-73.830125
40.822448155,-73.934445561
40.82278789,-73.82030343
40.74453415,-73.77159983
40.630436482,-73.885929323
40.612499,-73.897064
40.615628003,-73.89723577
40.74153439,-73.784554566
40.60862853,-74.14823274
40.54823897,-74.22065788
40.705301892,-74.004423308
40.82365,-73.822082
40.55468178,-74.2130105
40.610200874,-74.035333152
40.766367894,-73.781091609
40.83091437,-73.87359225
40.82622771,-73.829800739
40.73783961,-73.93569074
40.593171,-73.908591
40.754114289,-73.723208274
40.584764,-73.947118
40.630436482,-73.885929323
40.67403455,-73.73446397
40.766368,-73.781092
40.828628,-73.842167
40.72635069,-73.76507414
40.754114,-73.723208
40.77175804,-73.78370945
40.88384958,-73.82577641
40.830120652,-73.85025771
40.695999949,-73.998212752
40.755448036,-73.72198273
40.60756574,-74.08710635
40.736504302,-73.909216979
40.89715387,-73.880281
40.618998875,-74.040794956
40.754114289,-73.723208274
40.73170606,-73.84260944
40.82810345,-73.81794037
40.710691678,-73.984704027
40.587333604,-73.991727793
40.627532315,-74.041124401
40.732461328,-73.765460327
40.82365,-73.822082
40.60823132,-74.12939961
40.619901837,-73.897445317
40.584262,-73.963791
40.548239,-74.220658
40.766367894,-73.781091609
40.851694911,-73.943113655
40.744534153,-73.77159983
40.57538514,-74.18998063
40.611416515,-74.036306245
40.82594613,-73.85912326
40.548238974,-74.220657878
40.666412,-73.802626
40.754114289,-73.723208274
40.88512772,-73.82159962
40.705302,-74.004423
40.82600182,-73.81672482
40.900015427,-73.879183417
40.77131311,-73.87663335
40.744534,-73.7716
40.857979,-73.872717
40.627532,-74.041124
40.7043439,-74.0059092
40.77599485,-73.78460194
40.583635549,-73.984063491
40.607845647,-74.08718955
40.737464962,-73.741085374
40.627571,-74.041269
40.640043282,-73.877942588
40.66516246,-73.827735369
40.664168475,-73.991051432
40.72656973,-73.83801789
40.762685742,-73.954336884
40.596579945,-73.907941661
40.859862,-73.935508
40.737464962,-73.741085374
40.767775797,-73.864982801
40.618998875,-74.040794956
40.61899888,-74.04079496
40.826810098,-73.8728036866
40.63058742,-73.885903846
40.754271,-73.743334
40.761062,-73.778095
40.737465,-73.741085
40.835204857,-73.874050277
40.740599838,-73.94431997
40.62753232,-74.0411244
40.71614343,-73.81848788
40.642709785,-73.876600864
40.743560562,-73.732451023
40.548238974,-74.220657878
40.62895145,-74.04090912
40.73783961,-73.93569074
40.88384958,-73.82577641
40.73783961,-73.93569074
40.743561,-73.732451
40.742665246,-73.84620675
40.7043439,-74.0059092
40.88384958,-73.82577641
40.88384958,-73.825776409
40.828628,-73.842167
40.722105,-73.777712
40.828627715,-73.842166988
40.60855253,-74.08885437
40.548238974,-74.220657878
40.628576,-73.888786
40.608316988,-74.131308573
40.607566,-74.087106
40.541370754,-74.223844529
40.605753494,-73.898666304
40.53198094,-74.2030561
40.548238974,-74.220657878
40.546934,-74.221524
40.905783739,-73.878225114
40.86853051,-73.8325741
40.630436,-73.885929
40.604109,-74.06907
40.74328239,-73.77571094
40.766367894,-73.781091609
40.73289785,-73.92057701
40.74356056,-73.73245102
40.868091035,-73.931674429
40.833822341,-73.86274198
40.610240422,-74.105290747
40.88384958,-73.825776409
40.539924,-74.22412
40.66159545,-73.77871632
40.548239,-74.220658
40.623283247,-74.04149282
40.744534153,-73.77159983
40.82439095,-73.82395205
40.76883681,-73.86630198
40.89998227,-73.87897729
40.64271,-73.876601
40.82810345,-73.81794037
40.85203987,-73.8360785
40.61051775,-74.09575409
40.828322869,-73.844050299
40.7043439,-74.0059092
40.74072089,-73.837434969
40.618998875,-74.040794956
40.58426225,-73.9637906
40.897153865,-73.880280998
40.73246133,-73.76546033
40.610699773,-74.118397807
40.611329329,-74.114707217
40.548238974,-74.220657878
40.575385138,-74.189980631
40.749479,-73.756396
40.548239,-74.220658
40.610518,-74.095754
40.744534153,-73.77159983
40.786504,-73.794625
40.63058742,-73.885903846
40.732461328,-73.765460327
40.61456823,-74.15654817
40.88384958,-73.82577641
40.62183134,-74.041246966
40.627570691,-74.041268526
40.830914365,-73.873592251
40.73746496,-73.74108537
40.732461328,-73.765460327
40.84498161,-73.90919906
40.876541949,-73.87075009
40.77602742,-73.78440325
40.879329487,-73.869797231
40.76636789,-73.78109161
40.61821913,-73.89727501
40.826475213,-73.830125304
40.726569734,-73.83801789
40.654778711,-74.007072507
40.618219125,-73.897275005
40.60826163,-74.08878556
40.82862771,-73.84216699
40.88512772,-73.82159962
40.749293117,-73.756638089
40.60831699,-74.13130857
40.743487384,-73.732851897
40.754114289,-73.723208274
40.618685205,-74.024037983
40.548239,-74.220658
40.722354,-73.777163
40.736329665,-73.85630331
40.743282387,-73.775710945
40.860627,-73.828129
40.730443,-73.875587
40.60756574,-74.08710635
40.591250577,-73.994010075
40.754561252,-73.743166529
40.704344,-74.005909
40.737615,-73.74072
40.62753232,-74.0411244
40.64270978,-73.87660086
40.865152881,-73.872030389
40.63058742,-73.885903846
40.82810345,-73.81794037
40.703391382,-74.007409476
40.590341373,-73.908393127
40.897153865,-73.880280998
40.82810345,-73.81794037
40.66278791,-73.7822173
40.744534153,-73.77159983
40.8560369422,-73.83283548248
40.730376,-73.913876
40.767621732,-73.949997752
40.65198285,-73.865411744
40.63043648,-73.88592932
40.527928873,-74.218396548
40.824589894,-73.870540264
40.82810345,-73.81794037
40.743560562,-73.732451023
40.741067293,-73.946102265
40.75826615,-73.77719458
40.661595,-73.778716
40.781863,-73.825227
40.766367894,-73.781091609
40.758266,-73.777195
40.610223055,-74.120197765
40.60826163,-74.08878556
40.726569734,-73.83801789
40.766367894,-73.781091609
40.72000646,-73.833784157
40.732461328,-73.765460327
40.611329329,-74.114707217
40.58370046,-73.92156447
40.894664,-73.882477
40.86853051,-73.8325741
40.526428,-74.224043
40.546934,-74.221524
40.76636789,-73.78109161
40.614239489,-74.156079164
40.610517753,-74.095754092
40.78423178,-73.98498685
40.732461,-73.76546
40.897153865,-73.880280998
40.666074,-73.841584
40.7264537,-73.76578814
40.70905194,-73.8414546
40.77599485,-73.78460194
40.8891452,-73.88883811
40.630436482,-73.885929323
40.70795376,-73.95742796
40.755448036,-73.72198273
40.548238974,-74.220657878
40.71918689,-73.7922242
40.70744435,-73.72754636
40.600697891,-74.010048478
40.6451206,-73.87488114
40.608262,-74.088786
40.61899888,-74.04079496
40.548238974,-74.220657878
40.86157641,-73.91318206
40.816920035,-73.933999409
40.65198285,-73.86541174
40.737759154,-73.768386222
40.672697331,-73.735435432
40.73246133,-73.76546033
40.822788,-73.820303
40.86648568,-73.9321714
40.87415682,-73.92720618
40.83589734,-73.82429744
40.87604775,-73.83413898
40.605753494,-73.898666304
40.70505041,-73.95903625
40.55736952,-74.20516296
40.7043439,-74.0059092
40.60826163,-74.08878556
40.708774,-73.998111
40.87854495,-73.83380369
40.737465,-73.741085
40.816920035,-73.933999409
40.619205,-74.16385
40.754157406,-73.722876031
40.78186327,-73.8252272
40.614277141,-74.15664834
40.608628528,-74.148232735
40.716648988,-73.975604914
40.623283,-74.041493
40.82600182,-73.81672482
40.611329,-74.114707
40.749479249,-73.756395597
40.58414699,-73.96385187
40.82622771,-73.829800739
40.627570691,-74.041268526
40.708975,-73.956725
40.88482455,-73.867551483
40.63043648,-73.88592932
40.829960985,-73.819275893
40.732461328,-73.765460327
40.610231,-74.093884
40.60213393,-74.18792125
40.8302462,-73.83756314
40.60619016,-74.07613113
40.82862771,-73.84216699
40.561284442,-74.198448505
40.766406,-73.780918
40.75456125,-73.74316653
40.857876315,-73.938416079
40.556929,-74.20595
40.64491406853,-73.97442253721
40.66159545917,-73.77871632819
40.610751,-74.09583
40.662930406,-73.989047524
40.7043439,-74.0059092
40.63058742,-73.885903846
40.76219509,-73.84286085
40.704029,-73.817098
40.76636789,-73.78109161
40.886439937,-73.895797293
40.699937883,-73.961881275
40.851507981,-73.942528238
40.76636789,-73.78109161
40.66159545917,-73.77871632819
40.62753232,-74.0411244
40.704344,-74.005909
40.82647521,-73.8301253
40.623896583,-73.895587575
40.61024042,-74.10529075
40.743435615,-73.77546503
40.744534,-73.7716
40.76219509,-73.84286085
40.82996098,-73.81927589
40.610517753,-74.095754092
40.548238974,-74.220657878
40.826818381,-73.872805099
40.72823979,-73.8331214
40.557369516,-74.205162964
40.554681778,-74.213010497
40.72475845,-73.77315041
40.826810098,-73.8728036866
40.876541949,-73.87075009
40.74356056,-73.73245102
40.610231,-74.093884
40.61051775,-74.09575409
40.743560562,-73.732451023
40.748500151,-73.728511708
40.618477296,-73.89745471
40.703391,-74.007409
40.664168475,-73.991051432
40.63043648,-73.88592932
40.82622771,-73.82980074
40.537032665,-74.224495567
40.88666577,-73.81527369
40.666412168,-73.802625791
40.608261634,-74.088785557
40.828628,-73.842167
40.61051775,-74.09575409
40.618998875,-74.040794956
40.548238974,-74.220657878
40.740849192,-73.72679989
40.851507981,-73.942528238
40.61051775,-74.09575409
40.54693352,-74.22152433
40.704343902,-74.005909201
40.74084919,-73.72679989
40.67393198,-73.99994592
40.825946127,-73.859123263
40.61051775,-74.09575409
40.744534153,-73.77159983
40.62753232,-74.0411244
40.82810345,-73.81794037
40.608262,-74.088786
40.610200874,-74.035333152
40.75549125,-73.74172637
40.610223055,-74.120197765
40.611329329,-74.114707217
40.60826163,-74.08878556
40.662787906,-73.7822173
40.72235364,-73.77716312
40.661595,-73.778716
40.538466,-74.224267
40.73783961,-73.93569074
40.8233263,-73.81537365
40.76502712,-73.78039207
40.696,-73.99824
40.64270978,-73.87660086
40.63058742,-73.885903846
40.742429,-73.826543
40.828627715,-73.842166988
40.60756574,-74.08710635
40.765027,-73.780392
40.55692894,-74.20594974
40.744902,-73.770209
40.877878,-73.870097
40.608317,-74.131309
40.623256,-74.041338
40.630436482,-73.885929323
40.575385,-74.189981
40.707149196,-74.001364831
40.654778711,-74.007072507
40.748600189,-73.773520365
40.5455871,-74.22227907
40.829296541,-73.935006128
40.630587,-73.885904
40.620671465,-74.167142068
40.62133582,-74.17079997
40.74490193,-73.770209145
40.704344,-74.005909
40.548238974,-74.220657878
40.55068041,-74.218546479
40.84083547,-73.94596
40.626722825,-73.891652832
40.63058742,-73.885903846
40.66159545,-73.77871632
40.63987577,-73.877867227
40.88528982,-73.82170768
40.605753,-73.898666
40.61023109,-74.09388445
40.82622771,-73.829800739
40.7043439,-74.0059092
40.77979092,-73.76905606
40.73746496,-73.74108537
40.736504302,-73.909216979
40.825615,-73.827851
40.781863269,-73.825227199
40.548238974,-74.220657878
40.786405124,-73.805928172
40.584262,-73.963791
40.663932374,-73.990438698
40.743487384,-73.732851897
40.736504302,-73.909216979
40.54043118,-74.22427672
40.66278791,-73.7822173
40.61051775,-74.09575409
40.797896144,-73.97538372
40.753797944,-73.744281161
40.762948137,-73.860664359
40.85787632,-73.93841608
40.766368,-73.781092
40.7043439,-74.0059092
40.859861889,-73.935507682
40.754114,-73.723208
40.548678,-74.220634
40.705301892,-74.004423308
40.55539578,-74.211335799
40.743560562,-73.732451023
40.762298763,-73.757106777
40.60213393,-74.18792125
40.60792652,-74.138914138
40.75427068,-73.743333682
40.611466504,-74.152539437
40.826818381,-73.872805099
40.70339138,-74.00740948
40.737759,-73.768386
40.62753232,-74.0411244
40.766367894,-73.781091609
40.88384958,-73.82577641
40.594627,-73.997423
40.654992802,-74.00710857
40.82810345,-73.81794037
40.734258,-73.863355
40.560159691,-74.199672393
40.824390945,-73.823952051
40.74995305,-73.75461093
40.782148,-73.82484
40.73542147,-73.918347634
40.641214518,-73.877201773
40.812147222,-73.966357962
40.86853051,-73.8325741
40.75972229,-73.71439895
40.729582996,-73.833825216
40.7043439,-74.0059092
40.61821913,-73.89727501
40.705301892,-74.004423308
40.732461,-73.76546
40.732461328,-73.765460327
40.743487384,-73.732851897
40.879931448,-73.832205466
40.608262,-74.088786
40.82365,-73.822082
40.55736952,-74.20516296
40.828762309,-73.840247932
40.78214814,-73.82484008
40.630436482,-73.885929323
40.61456823,-74.15654817
40.78640512,-73.80592817
40.766367894,-73.781091609
40.828405,-73.843908
40.744534153,-73.77159983
40.548238974,-74.220657878
40.716648988,-73.975604914
40.546934,-74.221524
40.72645599,-73.75631019
40.612843,-74.180197
40.696008,-73.998242
40.548238974,-74.220657878
40.630436482,-73.885929323
40.608261634,-74.088785557
40.7043439,-74.0059092
40.883918426,-73.82592812
40.7043439,-74.0059092
40.716053,-73.805029
40.8066147,-73.90768586
40.706616702,-74.002028473
40.88384958,-73.82577641
40.7043439,-74.0059092
40.7376151,-73.74072033
40.737464962,-73.741085374
40.869421801,-73.930982474
40.897153865,-73.880280998
40.76719653,-73.89981778
40.726512,-73.755704
40.88384958,-73.82577641
40.608262,-74.088786
40.705301892,-74.004423308
40.627570691,-74.041268526
40.61023109,-74.09388445
40.766367894,-73.781091609
40.608317,-74.131309
40.774007,-73.830003
40.64121452,-73.87720177
40.614239489,-74.156079164
40.74348738,-73.7328519
40.828628,-73.842167
40.612498782,-73.897064103
40.63058742,-73.885903846
40.70505,-73.959036
40.885409,-73.897227
40.7364191,-73.92854382
40.630340461,-74.040492057
40.764444,-73.722682
40.85150798,-73.94252824
40.877938488,-73.870295362
40.88182,-73.830136
40.88384958,-73.82577641
40.828031845,-73.846031123
40.584146991,-73.963851865
40.596916,-74.191335
40.55736952,-74.20516296
40.736504302,-73.909216979
40.704344,-74.005909
40.76219509148,-73.84286085564
40.63058742,-73.885903846
40.89587865,-73.88131416
40.733618036,-73.835907955
40.734508,-73.72286
40.623283247,-74.04149282
40.619015286,-74.040957059
40.891044,-73.88584
40.789393145,-73.782319585
40.59003097,-74.19355081
40.627532315,-74.041124401
40.876479,-73.870573
40.6142563,-74.153788441
40.58374,-73.919689
40.63058742,-73.885903846
40.610518,-74.095754
40.73246133,-73.76546033
40.78650356,-73.79462499
40.597290454,-73.907450958
40.584607819,-73.916022664
40.548239,-74.220658
40.60596,-74.076008
40.611329,-74.114707
40.829893,-73.873271
40.744534153,-73.77159983
40.7412196,-73.842763788
40.86778621,-73.93139634
40.74153439,-73.78455457
40.869648404,-73.833128098
40.726569734,-73.83801789
40.883918426,-73.82592812
40.87654195,-73.87075009
40.665755,-73.993737
40.741067,-73.946102
40.610685186,-74.111010838
40.743487384,-73.732851897
40.548238974,-74.220657878
40.619015286,-74.040957059
40.590030969,-74.19355081
40.754114289,-73.723208274
40.826475213,-73.830125304
40.76636789,-73.78109161
40.732461,-73.76546
40.641379294,-73.877284346
40.61113082,-74.11282321
40.766367894,-73.781091609
40.527928873,-74.218396548
40.736504302,-73.909216979
40.584010627,-73.921567708
40.826810098,-73.8728036866
40.614239489,-74.156079164
40.776027418,-73.784403254
40.704344,-74.005909
40.765027,-73.780392
40.82364974,-73.82208239
40.618477296,-73.89745471
40.548238974,-74.220657878
40.596511,-73.907876
40.60826163,-74.08878556
40.76444429,-73.72268161
40.66526927,-73.80200558
40.614239489,-74.156079164
40.73784,-73.935691
40.857876315,-73.938416079
40.623283247,-74.04149282
40.63058742,-73.885903846
40.608262,-74.088786
40.82821775,-73.83555904
40.826818381,-73.872805099
40.828762309,-73.840247932
40.826818381,-73.872805099
40.655037827,-73.97933598
40.628951449,-74.040909118
40.626146,-74.041419
40.856496,-73.872398
40.584782547,-73.960110881
40.61051775,-74.09575409
40.829007,-73.836413
40.840470623,-73.885955901
40.549484,-74.219651
40.608262,-74.088786
40.63058742,-73.885903846
40.612461825,-74.037725894
40.614239,-74.156079
40.828322869,-73.844050299
40.69599993,-73.99824015
40.624716,-74.04149
40.63043648,-73.88592932
40.829960985,-73.819275893
40.72657,-73.838018
40.8198282,-73.81285067
40.625988543,-73.893066186
40.776027,-73.784403
40.63043648,-73.88592932
40.70810161,-73.99940125
40.829960985,-73.819275893
40.70339138,-74.00740948
40.877877882,-73.870096595
40.738146339,-73.799180058
40.74266525,-73.84620675
40.743436,-73.775465
40.66724637,-73.77000086
40.764444293,-73.722681611
40.60756574,-74.08710635
40.87854495,-73.83380369
40.833599,-73.861499
40.618998875,-74.040794956
40.63043648,-73.88592932
40.611329,-74.114707
40.55182452,-74.21735193
40.766367894,-73.781091609
40.617053,-73.897327
40.848639606,-73.927617238
40.72824,-73.833121
40.743561,-73.732451
40.584262253,-73.9637906
40.88384958,-73.825776409
40.607991,-74.133206
40.611329329,-74.114707217
40.766368,-73.781092
40.610517753,-74.095754092
40.594561,-73.997571
40.766637693,-73.88902814
40.76219509,-73.84286085
40.602134,-74.187921
40.832132334,-73.837930738
40.607695948,-74.138920861
40.661595,-73.778716
40.740849192,-73.72679989
40.59003097,-74.19355081
40.539923696,-74.224120313
40.82622771,-73.829800739
40.73246133,-73.76546033
40.65925756,-73.9859737
40.548238974,-74.220657878
40.73784,-73.935691
40.732461328,-73.765460327
40.630436482,-73.885929323
40.744534153,-73.77159983
40.631704815,-74.039938061
40.630587,-73.885904
40.627649203,-73.890217514
40.768172918,-73.905437309
40.651872984,-73.865347096
40.72598364,-73.75749169
40.657424,-73.982993
40.726569734,-73.83801789
40.73771896,-73.93590376
40.59282516,-73.90807286
40.86778621,-73.93139634
40.710691678,-73.984704027
40.80309446,-73.91645138
40.743177,-73.770962
40.74711548,-73.72912006
40.60641954,-74.08183601
40.743177,-73.770962
40.758266149,-73.77719458
40.627532,-74.041124
40.60633579,-74.07993437
40.61051775,-74.09575409
40.88384958,-73.82577641
40.7582144,-73.7774005
40.63058742,-73.88590385
40.826475213,-73.830125304
40.73246133,-73.76546033
40.630587,-73.885904
40.602038118,-74.187762527
40.828103,-73.81794
40.73246133,-73.76546033
40.606335793,-74.079934369
40.596579945,-73.907941661
40.82810345,-73.81794037
40.831769,-73.820857
40.61054677,-74.1034472
40.73783961,-73.93569074
40.744534153,-73.77159983
40.734507603,-73.722860328
40.868091035,-73.931674429
40.764444,-73.722682
40.762195,-73.842861
40.63058742,-73.885903846
40.704343902,-74.005909201
40.743487,-73.732852
40.662788,-73.782217
40.88384958,-73.82577641
40.60756574,-74.08710635
40.54626833,-74.18138099
40.584782547,-73.960110881
40.73784,-73.935691
40.732461328,-73.765460327
40.596511,-73.907876
40.731991068,-73.919116772
40.754561252,-73.743166529
40.661595,-73.778716
40.62753232,-74.0411244
40.629171491,-74.017488585
40.74356056,-73.73245102
40.82810345,-73.81794037
40.75411429,-73.72320827
40.74453415,-73.77159983
40.52611905,-74.22599487
40.7043439,-74.0059092
40.73246133,-73.76546033
40.630436482,-73.885929323
40.71974462,-73.78651896
40.88384958,-73.825776409
40.726453703,-73.765788141
40.661595,-73.778716
40.753797944,-73.744281161
40.739379512,-73.791886981
40.527855774,-74.217863927
40.84863405,-73.92751965
40.828103453,-73.817940365
40.754157406,-73.722876031
40.716648988,-73.975604914
40.744534,-73.7716
40.611466504,-74.152539437
40.55736952,-74.20516296
40.548238974,-74.220657878
40.548239,-74.220658
40.651872984,-73.865347096
40.608629,-74.148233
40.754561,-73.743167
40.611466504,-74.152539437
40.743487384,-73.732851897
40.74008653,-73.89968533
40.770290795,-73.868053647
40.60595968,-74.07600842
40.83324357,-73.82819277
40.614239489,-74.156079164
40.608317,-74.131309
40.82862771,-73.84216699
40.548486,-74.220607
40.823649745,-73.822082394
40.743487384,-73.732851897
40.609158897,-74.149869017
40.73746496,-73.74108537
40.618999,-74.040795
40.76719653,-73.89981778
40.74124282,-73.84573008
40.743560562,-73.732451023
40.743487384,-73.732851897
40.879931,-73.832205
40.781006147,-73.770080939
40.54823897,-74.22065788
40.704503923,-73.817419522
40.59908079,-73.904978188
40.610517753,-74.095754092
40.846514,-73.826283
40.733728489,-73.766357939
40.76657137,-73.88856616
40.768749286,-73.908808397
40.547543643,-74.180290594
40.82862771,-73.84216699
40.626110461,-74.041271225
40.630436482,-73.885929323
40.781863269,-73.825227199
40.610547,-74.103447
40.630587,-73.885904
40.60831699,-74.13130857
40.830914365,-73.873592251
40.754561252,-73.743166529
40.73783961,-73.93569074
40.7043439,-74.0059092
40.776027,-73.784403
40.73867225,-73.72435138
40.88384958,-73.82577641
40.84651415,-73.82628262
40.824583894,-73.872545606
40.61054677,-74.1034472
40.61069977,-74.11839781
40.766368,-73.781092
40.549484,-74.219651
40.736504302,-73.909216979
40.66278791,-73.7822173
40.78173,-73.785212
40.75456125,-73.74316653
40.705302,-74.004423
40.610518,-74.095754
40.61141652,-74.03630625
40.614277,-74.156648
40.74348738,-73.7328519
