candidate_number,latitude,longitude,way_id,road_name,ref,highway,lanes,maxspeed,oneway,shoulder,shoulder_both,shoulder_left,shoulder_right,shoulder_width,google_street_view,google_maps,openstreetmap
1,39.1120737,-75.4644502,1340659918,Bay Road,DE 1,motorway,3,60 mph,yes,no,,,,,"https://www.google.com/maps/@?api=1&map_action=pano&viewpoint=39.1120737,-75.4644502","https://www.google.com/maps/search/?api=1&query=39.1120737,-75.4644502",https://www.openstreetmap.org/?mlat=39.1120737&mlon=-75.4644502#map=18/39.1120737/-75.4644502
2,47.072,-122.7031799,23690922,,I 5,motorway,3,60 mph,yes,no,,,,,"https://www.google.com/maps/@?api=1&map_action=pano&viewpoint=47.072,-122.7031799","https://www.google.com/maps/search/?api=1&query=47.072,-122.7031799",https://www.openstreetmap.org/?mlat=47.072&mlon=-122.7031799#map=18/47.072/-122.7031799
3,40.5243835,-74.2563786,86097957,Outerbridge Crossing,NJ 440;CR 501,motorway,2,45 mph,yes,no,,,,,"https://www.google.com/maps/@?api=1&map_action=pano&viewpoint=40.5243835,-74.2563786","https://www.google.com/maps/search/?api=1&query=40.5243835,-74.2563786",https://www.openstreetmap.org/?mlat=40.5243835&mlon=-74.2563786#map=18/40.5243835/-74.2563786
4,40.9049415,-74.6100269,1341798127,Christopher Columbus Highway,I 80,motorway,4,65 mph,yes,no,,,,,"https://www.google.com/maps/@?api=1&map_action=pano&viewpoint=40.9049415,-74.6100269","https://www.google.com/maps/search/?api=1&query=40.9049415,-74.6100269",https://www.openstreetmap.org/?mlat=40.9049415&mlon=-74.6100269#map=18/40.9049415/-74.6100269
5,34.1037343,-118.2499026,26940732,Glendale Freeway,CA 2,motorway,3,65 mph,yes,no,,,,,"https://www.google.com/maps/@?api=1&map_action=pano&viewpoint=34.1037343,-118.2499026","https://www.google.com/maps/search/?api=1&query=34.1037343,-118.2499026",https://www.openstreetmap.org/?mlat=34.1037343&mlon=-118.2499026#map=18/34.1037343/-118.2499026
6,40.7734238,-74.4791166,1365866892,,I 287,motorway,3,65 mph,yes,no,,,,,"https://www.google.com/maps/@?api=1&map_action=pano&viewpoint=40.7734238,-74.4791166","https://www.google.com/maps/search/?api=1&query=40.7734238,-74.4791166",https://www.openstreetmap.org/?mlat=40.7734238&mlon=-74.4791166#map=18/40.7734238/-74.4791166
7,40.9155544,-74.716763,1350177789,,US 206,motorway,2,55 mph,yes,no,,,,,"https://www.google.com/maps/@?api=1&map_action=pano&viewpoint=40.9155544,-74.716763","https://www.google.com/maps/search/?api=1&query=40.9155544,-74.716763",https://www.openstreetmap.org/?mlat=40.9155544&mlon=-74.716763#map=18/40.9155544/-74.716763
8,36.9846505,-122.0294911,620390574,Cabrillo Highway,CA 1,motorway,5,40 mph,yes,no,,,,,"https://www.google.com/maps/@?api=1&map_action=pano&viewpoint=36.9846505,-122.0294911","https://www.google.com/maps/search/?api=1&query=36.9846505,-122.0294911",https://www.openstreetmap.org/?mlat=36.9846505&mlon=-122.0294911#map=18/36.9846505/-122.0294911
9,42.3264667,-122.8686876,34128737,Medford Viaduct,I 5,motorway,2,55 mph,yes,no,,,,,"https://www.google.com/maps/@?api=1&map_action=pano&viewpoint=42.3264667,-122.8686876","https://www.google.com/maps/search/?api=1&query=42.3264667,-122.8686876",https://www.openstreetmap.org/?mlat=42.3264667&mlon=-122.8686876#map=18/42.3264667/-122.8686876
10,35.00666,-118.1605787,209113552,Sierra Highway,CA 14;US 6 Hist,motorway,2,,yes,no,,,,,"https://www.google.com/maps/@?api=1&map_action=pano&viewpoint=35.00666,-118.1605787","https://www.google.com/maps/search/?api=1&query=35.00666,-118.1605787",https://www.openstreetmap.org/?mlat=35.00666&mlon=-118.1605787#map=18/35.00666/-118.1605787
11,34.3792679,-117.4185106,871785384,Barstow Freeway / Mojave Freeway,I 15;US 66 Hist,motorway,5,70 mph,yes,no,,,,,"https://www.google.com/maps/@?api=1&map_action=pano&viewpoint=34.3792679,-117.4185106","https://www.google.com/maps/search/?api=1&query=34.3792679,-117.4185106",https://www.openstreetmap.org/?mlat=34.3792679&mlon=-117.4185106#map=18/34.3792679/-117.4185106
12,38.4081014,-82.4825266,50286485,Irl Duling Boulevard,US 52,motorway,2,55 mph,yes,no,,,,,"https://www.google.com/maps/@?api=1&map_action=pano&viewpoint=38.4081014,-82.4825266","https://www.google.com/maps/search/?api=1&query=38.4081014,-82.4825266",https://www.openstreetmap.org/?mlat=38.4081014&mlon=-82.4825266#map=18/38.4081014/-82.4825266
13,40.9213198,-74.0831961,1368201625,Garden State Parkway,GSP,motorway,4,65 mph,yes,no,,,,,"https://www.google.com/maps/@?api=1&map_action=pano&viewpoint=40.9213198,-74.0831961","https://www.google.com/maps/search/?api=1&query=40.9213198,-74.0831961",https://www.openstreetmap.org/?mlat=40.9213198&mlon=-74.0831961#map=18/40.9213198/-74.0831961
14,39.8281763,-75.101283,11626026,,,motorway,5,55 mph,no,no,,,,,"https://www.google.com/maps/@?api=1&map_action=pano&viewpoint=39.8281763,-75.101283","https://www.google.com/maps/search/?api=1&query=39.8281763,-75.101283",https://www.openstreetmap.org/?mlat=39.8281763&mlon=-75.101283#map=18/39.8281763/-75.101283
15,42.4159633,-123.1255489,34156766,,I 5,motorway,2,65 mph,yes,no,,,,,"https://www.google.com/maps/@?api=1&map_action=pano&viewpoint=42.4159633,-123.1255489","https://www.google.com/maps/search/?api=1&query=42.4159633,-123.1255489",https://www.openstreetmap.org/?mlat=42.4159633&mlon=-123.1255489#map=18/42.4159633/-123.1255489
16,40.918331,-74.8184663,1445443142,Christopher Columbus Highway,I 80,motorway,3,65 mph,yes,no,,,,,"https://www.google.com/maps/@?api=1&map_action=pano&viewpoint=40.918331,-74.8184663","https://www.google.com/maps/search/?api=1&query=40.918331,-74.8184663",https://www.openstreetmap.org/?mlat=40.918331&mlon=-74.8184663#map=18/40.918331/-74.8184663
17,40.789616,-74.0478229,403968892,New Jersey Turnpike Eastern Spur,I 95;NJTP,motorway,2,55 mph,yes,no,,,,,"https://www.google.com/maps/@?api=1&map_action=pano&viewpoint=40.789616,-74.0478229","https://www.google.com/maps/search/?api=1&query=40.789616,-74.0478229",https://www.openstreetmap.org/?mlat=40.789616&mlon=-74.0478229#map=18/40.789616/-74.0478229
18,42.3614859,-71.1176376,807640152,Soldiers Field Road,,motorway,2,35 mph,yes,no,,,,,"https://www.google.com/maps/@?api=1&map_action=pano&viewpoint=42.3614859,-71.1176376","https://www.google.com/maps/search/?api=1&query=42.3614859,-71.1176376",https://www.openstreetmap.org/?mlat=42.3614859&mlon=-71.1176376#map=18/42.3614859/-71.1176376
19,40.7184397,-74.1816429,1347028141,McCarter Highway,NJ 21,motorway,4,35 mph,yes,no,,,,,"https://www.google.com/maps/@?api=1&map_action=pano&viewpoint=40.7184397,-74.1816429","https://www.google.com/maps/search/?api=1&query=40.7184397,-74.1816429",https://www.openstreetmap.org/?mlat=40.7184397&mlon=-74.1816429#map=18/40.7184397/-74.1816429
20,38.4803443,-82.6225305,757486284,,US 52,motorway,2,,yes,no,,,,,"https://www.google.com/maps/@?api=1&map_action=pano&viewpoint=38.4803443,-82.6225305","https://www.google.com/maps/search/?api=1&query=38.4803443,-82.6225305",https://www.openstreetmap.org/?mlat=38.4803443&mlon=-82.6225305#map=18/38.4803443/-82.6225305
21,40.8583889,-74.3638548,1308715536,Essex Freeway,I 280,motorway,2,65 mph,yes,no,,,,,"https://www.google.com/maps/@?api=1&map_action=pano&viewpoint=40.8583889,-74.3638548","https://www.google.com/maps/search/?api=1&query=40.8583889,-74.3638548",https://www.openstreetmap.org/?mlat=40.8583889&mlon=-74.3638548#map=18/40.8583889/-74.3638548
22,38.8830565,-77.0561034,26781501,George Washington Memorial Parkway,,motorway,1,40 mph,yes,no,,,,,"https://www.google.com/maps/@?api=1&map_action=pano&viewpoint=38.8830565,-77.0561034","https://www.google.com/maps/search/?api=1&query=38.8830565,-77.0561034",https://www.openstreetmap.org/?mlat=38.8830565&mlon=-77.0561034#map=18/38.8830565/-77.0561034
